VendorID,pickup_datetime,dropoff_datetime,passenger_count,trip_distance,fare_amount,payment_type
1.0,2024-01-01 00:00:00,2024-01-01 00:32:00,1,6.69914113857903,81.73523285406787,2
2.0,2024-01-01 00:01:00,2024-01-01 00:12:00,2,0.6711556329846246,38.8570974334909,2
2.0,2024-01-01 00:02:00,2024-01-01 00:41:00,4,7.951591722106762,14.59002975542386,2
2.0,2024-01-01 00:03:00,2024-01-01 01:02:00,5,6.385282708422527,96.37938267894224,1
1.0,2024-01-01 00:04:00,2024-01-01 00:36:00,3,1.2292413129715472,66.9971914454668,1
1.0,2024-01-01 00:05:00,2024-01-01 00:23:00,3,10.354622501865627,48.32945503294621,4
1.0,2024-01-01 00:06:00,2024-01-01 00:20:00,4,8.359110570013364,42.78846839544877,1
2.0,2024-01-01 00:07:00,2024-01-01 00:27:00,2,12.873851120959731,35.84700675453507,1
2.0,2024-01-01 00:08:00,2024-01-01 00:28:00,4,12.613133282784622,98.23752156576728,1
2.0,2024-01-01 00:09:00,2024-01-01 01:07:00,1,2.8545593999852623,17.800990187436202,1
1.0,2024-01-01 00:10:00,2024-01-01 00:45:00,5,19.55082814946914,34.90648059745399,1
2.0,2024-01-01 00:11:00,2024-01-01 00:57:00,2,4.145162874108214,51.12227582685304,2
2.0,2024-01-01 00:12:00,2024-01-01 00:41:00,3,9.18284348291174,50.40995678015958,1
1.0,2024-01-01 00:13:00,2024-01-01 00:30:00,1,10.01829209695783,49.77981601874513,5
1.0,2024-01-01 00:14:00,2024-01-01 00:24:00,3,16.354724545675342,21.699462503886277,1
1.0,2024-01-01 00:15:00,2024-01-01 01:03:00,1,2.434977123845612,18.768590075402557,1
1.0,2024-01-01 00:16:00,2024-01-01 00:29:00,5,8.85856344456637,29.202920701218908,5
2.0,2024-01-01 00:17:00,2024-01-01 01:06:00,4,12.755792319605977,91.87998461119533,3
1.0,2024-01-01 00:18:00,2024-01-01 00:58:00,1,4.695534621669083,15.740031944278462,1
1.0,2024-01-01 00:19:00,2024-01-01 01:06:00,4,12.73562402593842,76.95538482046585,1
2.0,2024-01-01 00:20:00,2024-01-01 00:44:00,4,18.511464332218228,76.96709734767028,3
1.0,2024-01-01 00:21:00,2024-01-01 00:43:00,3,19.951603557867163,81.92818837023992,1
1.0,2024-01-01 00:22:00,2024-01-01 01:09:00,2,1.1327959974181765,89.22847145398877,1
1.0,2024-01-01 00:23:00,2024-01-01 00:48:00,1,5.093970450771211,29.988436866198377,3
1.0,2024-01-01 00:24:00,2024-01-01 00:32:00,1,6.5509887579381,26.333149580545157,1
2.0,2024-01-01 00:25:00,2024-01-01 01:19:00,2,8.28295895867684,49.223038320110575,1
1.0,2024-01-01 00:26:00,2024-01-01 01:03:00,5,5.224014572902965,30.183471031443432,1
2.0,2024-01-01 00:27:00,2024-01-01 00:58:00,1,4.4680158938285945,74.75944895339521,1
2.0,2024-01-01 00:28:00,2024-01-01 00:39:00,4,19.11379992714125,65.4142597904362,3
2.0,2024-01-01 00:30:00,2024-01-01 00:49:00,2,1.4163537695607906,12.860138831271795,3
1.0,2024-01-01 00:31:00,2024-01-01 00:53:00,4,7.106853921294539,91.9329166690171,1
1.0,2024-01-01 00:32:00,2024-01-01 01:08:00,5,8.40039679672893,32.86811953365851,1
2.0,2024-01-01 00:33:00,2024-01-01 00:48:00,2,5.160783425985896,51.61596286306348,1
2.0,2024-01-01 00:34:00,2024-01-01 00:58:00,2,12.763021491269422,46.66808641426615,2
2.0,2024-01-01 00:35:00,2024-01-01 01:03:00,2,12.9874245595627,77.22960685492026,4
1.0,2024-01-01 00:36:00,2024-01-01 00:55:00,1,17.084832452407642,44.93166439602504,1
1.0,2024-01-01 00:37:00,2024-01-01 01:29:00,1,10.128347385114001,94.6375488366939,1
2.0,2024-01-01 00:38:00,2024-01-01 00:49:00,2,11.080179875836134,90.74071885066468,1
1.0,2024-01-01 00:39:00,2024-01-01 01:04:00,2,13.244942015866188,87.85530943710312,2
1.0,2024-01-01 00:40:00,2024-01-01 01:26:00,3,5.842781240088852,11.76954160158165,1
1.0,2024-01-01 00:41:00,2024-01-01 01:11:00,2,12.064595704363477,86.15451584762425,2
1.0,2024-01-01 00:42:00,2024-01-01 01:30:00,2,10.039931467623424,79.255367317105,1
2.0,2024-01-01 00:43:00,2024-01-01 01:01:00,2,3.1002171126692226,14.833729965582446,1
1.0,2024-01-01 00:44:00,2024-01-01 01:25:00,3,5.229613393367929,15.204360916441075,1
2.0,2024-01-01 00:45:00,2024-01-01 01:10:00,5,6.188022289070927,14.610562094166411,1
1.0,2024-01-01 00:46:00,2024-01-01 01:08:00,2,18.52403655752488,6.076596354426316,2
2.0,2024-01-01 00:47:00,2024-01-01 00:56:00,4,4.992539468024844,57.12025899348544,2
2.0,2024-01-01 00:48:00,2024-01-01 00:55:00,1,6.140256104983529,97.47245768642412,1
1.0,2024-01-01 00:49:00,2024-01-01 01:16:00,2,7.70240553674393,46.67504677548039,1
2.0,2024-01-01 00:50:00,2024-01-01 01:20:00,2,13.442983403195049,56.37196267929885,1
2.0,2024-01-01 00:51:00,2024-01-01 01:32:00,2,2.80564865320674,96.95713069314576,3
2.0,2024-01-01 00:52:00,2024-01-01 01:20:00,3,19.10193164362863,29.242311733551915,1
2.0,2024-01-01 00:53:00,2024-01-01 01:46:00,5,17.37863879184791,86.55467399683498,1
2.0,2024-01-01 00:54:00,2024-01-01 01:17:00,1,11.755713423674528,56.90709438511493,1
2.0,2024-01-01 00:55:00,2024-01-01 01:50:00,3,13.643738414786656,59.10026889298602,1
1.0,2024-01-01 00:56:00,2024-01-01 01:25:00,3,0.8248791892622118,37.60151643469194,1
1.0,2024-01-01 00:57:00,2024-01-01 01:22:00,1,7.10942311929475,58.35051429185627,1
1.0,2024-01-01 00:58:00,2024-01-01 01:14:00,1,16.01537449789812,11.948538400436972,1
1.0,2024-01-01 00:59:00,2024-01-01 01:44:00,2,2.0109179889515247,77.64113939834066,2
1.0,2024-01-01 01:00:00,2024-01-01 01:37:00,1,6.005119767109044,32.04533734670581,1
1.0,2024-01-01 01:01:00,2024-01-01 00:51:00,1,11.91328815251907,89.32279130192572,1
2.0,2024-01-01 01:02:00,2024-01-01 01:59:00,1,5.500054040129365,39.94581598770856,2
1.0,2024-01-01 01:03:00,2024-01-01 01:11:00,2,18.712570495818124,18.568290496253844,1
1.0,2024-01-01 01:04:00,2024-01-01 01:50:00,3,3.0556433006836623,71.10874956500608,2
2.0,2024-01-01 01:05:00,2024-01-01 01:16:00,3,16.04918997920168,20.63492374778277,1
1.0,2024-01-01 01:06:00,2024-01-01 01:32:00,6,10.40499949217496,76.59964897658409,1
2.0,2024-01-01 01:07:00,2024-01-01 02:06:00,2,15.131450128489142,96.97066245858107,1
1.0,2024-01-01 01:08:00,2024-01-01 01:45:00,4,6.558948902073225,79.05752253554986,1
2.0,2024-01-01 01:09:00,2024-01-01 01:30:00,5,10.532547245084755,7.132678600975844,3
2.0,2024-01-01 01:10:00,2024-01-01 01:38:00,3,17.20828931960194,61.9891498650136,1
1.0,2024-01-01 01:11:00,2024-01-01 01:49:00,2,9.604122932900536,71.0640137421238,1
1.0,2024-01-01 01:12:00,2024-01-01 01:44:00,4,7.514537307250257,83.4185409506471,1
2.0,2024-01-01 01:13:00,2024-01-01 02:00:00,1,10.955030031928354,10.320219349205017,1
2.0,2024-01-01 01:14:00,2024-01-01 01:59:00,2,14.488573684209154,50.6102436554672,1
2.0,2024-01-01 01:15:00,2024-01-01 01:58:00,2,9.149485237220803,55.86023290064746,1
2.0,2024-01-01 01:16:00,2024-01-01 01:42:00,3,18.808101015274325,21.066861951196916,1
1.0,2024-01-01 01:17:00,2024-01-01 02:10:00,1,6.25144356882567,35.63273192251171,3
1.0,2024-01-01 01:18:00,2024-01-01 01:39:00,5,9.771540320297849,46.821063994335695,1
1.0,2024-01-01 01:19:00,2024-01-01 01:57:00,3,15.260089357158108,84.15492035599114,2
2.0,2024-01-01 01:20:00,2024-01-01 01:30:00,2,13.937861264667283,93.29371877666966,3
2.0,2024-01-01 01:21:00,2024-01-01 02:11:00,5,17.341000522134546,64.70016874717892,1
1.0,2024-01-01 01:22:00,2024-01-01 01:32:00,2,19.937779023281625,42.5197926720389,3
1.0,2024-01-01 01:23:00,2024-01-01 02:01:00,6,8.823737411504247,29.132946690903665,2
1.0,2024-01-01 01:24:00,2024-01-01 01:29:00,2,2.667442155774581,98.30284252143429,1
1.0,2024-01-01 01:25:00,2024-01-01 01:39:00,1,1.0931096757553755,98.38689981725403,5
2.0,2024-01-01 01:26:00,2024-01-01 01:51:00,4,14.674099669725546,92.8728100823283,1
2.0,2024-01-01 01:27:00,2024-01-01 01:36:00,3,17.543266590519956,79.63856923839282,1
2.0,2024-01-01 01:28:00,2024-01-01 01:34:00,4,4.803895425916164,35.94905665583373,2
1.0,2024-01-01 01:29:00,2024-01-01 01:55:00,6,3.5897367252031662,82.61504593227491,1
1.0,2024-01-01 01:30:00,2024-01-01 02:22:00,4,1.712999284750974,43.83533664076139,1
2.0,2024-01-01 01:31:00,2024-01-01 01:37:00,3,16.542706973485526,36.04344432472929,1
2.0,2024-01-01 01:32:00,2024-01-01 01:46:00,5,6.571947827905395,75.76220905429656,2
2.0,2024-01-01 01:33:00,2024-01-01 02:11:00,3,8.333089408815642,12.567123123940174,2
2.0,2024-01-01 01:34:00,2024-01-01 01:54:00,2,10.30362873638744,9.61345871308786,1
1.0,2024-01-01 01:35:00,2024-01-01 02:27:00,5,16.86933806708624,47.55560123221263,5
2.0,2024-01-01 01:36:00,2024-01-01 02:31:00,1,13.191247820448956,47.33568607810538,1
1.0,2024-01-01 01:37:00,2024-01-01 02:20:00,3,12.49376028222732,90.08619454106432,1
1.0,2024-01-01 01:38:00,2024-01-01 02:04:00,5,3.925605949140259,16.984544147342596,2
1.0,2024-01-01 01:39:00,2024-01-01 01:55:00,3,10.50720288834168,16.711973107979215,2
1.0,2024-01-01 01:40:00,2024-01-01 02:08:00,3,14.449929834983775,19.00799704511561,1
2.0,2024-01-01 01:41:00,2024-01-01 02:32:00,4,19.47858721909459,7.824944822987248,1
1.0,2024-01-01 01:42:00,2024-01-01 02:26:00,2,4.4274230296603685,11.814515092416295,3
2.0,2024-01-01 01:43:00,2024-01-01 02:25:00,5,0.6860953848109196,67.6876373487587,5
2.0,2024-01-01 01:44:00,2024-01-01 01:58:00,1,1.96837795517016,46.00051126616337,2
1.0,2024-01-01 01:45:00,2024-01-01 02:24:00,1,7.8291230710485955,77.5422913733613,1
1.0,2024-01-01 01:46:00,2024-01-01 02:41:00,1,16.50062063104675,99.29678326525772,5
2.0,2024-01-01 01:47:00,2024-01-01 02:40:00,2,0.6392705944807784,67.60829470440513,3
1.0,2024-01-01 01:48:00,2024-01-01 02:24:00,2,9.406246561273884,9.793279208911756,1
1.0,2024-01-01 01:49:00,2024-01-01 02:00:00,4,6.919996999157194,14.933472151662444,3
1.0,2024-01-01 01:50:00,2024-01-01 02:15:00,2,1.5233933469446876,88.69538805739724,3
1.0,2024-01-01 01:51:00,2024-01-01 02:15:00,2,9.279607590116036,55.11211473303484,4
2.0,2024-01-01 01:52:00,2024-01-01 02:22:00,1,5.467599793066017,83.3595301425953,3
2.0,2024-01-01 01:53:00,2024-01-01 02:01:00,2,7.361754269766626,86.37817194136798,2
2.0,2024-01-01 01:54:00,2024-01-01 02:44:00,3,14.259498443293714,93.12908144245432,2
2.0,2024-01-01 01:55:00,2024-01-01 02:51:00,1,10.670244186263858,95.23377452120477,1
2.0,2024-01-01 01:56:00,2024-01-01 02:22:00,1,2.93062486535986,57.70845066781409,2
1.0,2024-01-01 01:57:00,2024-01-01 02:16:00,1,19.24758353826096,37.39691636432322,2
2.0,2024-01-01 01:58:00,2024-01-01 02:42:00,1,12.900259931339898,96.37716306305988,5
2.0,2024-01-01 01:59:00,2024-01-01 02:24:00,2,15.434434300419364,57.0036085701164,1
2.0,2024-01-01 02:00:00,2024-01-01 02:19:00,1,2.0446564251632307,11.104008680688048,1
2.0,2024-01-01 02:01:00,2024-01-01 02:27:00,3,1.4176383994703683,66.06377225568718,1
1.0,2024-01-01 02:02:00,2024-01-01 02:58:00,4,0.8792369821775828,60.830051287526025,2
1.0,2024-01-01 02:03:00,2024-01-01 02:35:00,2,4.181483541582167,90.10032292499707,2
1.0,2024-01-01 02:04:00,2024-01-01 02:22:00,6,8.580963755510655,67.0527829699922,1
1.0,2024-01-01 02:05:00,2024-01-01 02:36:00,2,18.74860960135505,38.15998032384738,1
2.0,2024-01-01 02:06:00,2024-01-01 02:51:00,2,9.412663355682636,96.79144394205294,1
2.0,2024-01-01 02:07:00,2024-01-01 02:51:00,6,6.159974554764323,81.15385116829319,1
1.0,2024-01-01 02:08:00,2024-01-01 02:40:00,1,11.457737443633436,64.88967374622867,2
2.0,2024-01-01 02:09:00,2024-01-01 02:39:00,5,2.68272427362839,32.827894323296675,1
1.0,2024-01-01 02:10:00,2024-01-01 03:03:00,1,12.385364874597173,40.48632814985808,1
1.0,2024-01-01 02:11:00,2024-01-01 02:17:00,2,11.584423109444815,68.64714278918238,1
1.0,2024-01-01 02:12:00,2024-01-01 02:41:00,1,15.94386415141134,11.838177754015565,1
1.0,2024-01-01 02:13:00,2024-01-01 02:20:00,3,19.74040842653197,29.38465620677503,2
2.0,2024-01-01 02:14:00,2024-01-01 02:26:00,3,5.392032698464155,72.8205886726768,1
1.0,2024-01-01 02:15:00,2024-01-01 03:03:00,3,10.438300790673331,50.601758435238985,3
2.0,2024-01-01 02:16:00,2024-01-01 02:53:00,2,18.22287542322057,43.22738865737086,1
2.0,2024-01-01 02:17:00,2024-01-01 03:03:00,2,15.811202746245408,19.388474128039377,1
1.0,2024-01-01 02:18:00,2024-01-01 03:14:00,1,10.004422910465747,46.9756582753846,1
2.0,2024-01-01 02:19:00,2024-01-01 02:58:00,2,18.93474716748817,78.21573722222222,2
2.0,2024-01-01 02:20:00,2024-01-01 02:30:00,5,1.6161155235777829,30.08122037682984,1
1.0,2024-01-01 02:21:00,2024-01-01 03:04:00,2,18.654473084395388,5.5128615074493545,4
1.0,2024-01-01 02:22:00,2024-01-01 03:18:00,4,1.4848941514647276,68.50796560934336,2
1.0,2024-01-01 02:23:00,2024-01-01 02:50:00,4,11.172442510236344,97.39952742109249,1
1.0,2024-01-01 02:24:00,2024-01-01 02:53:00,2,17.86359848602117,62.64852354091538,2
1.0,2024-01-01 02:25:00,2024-01-01 03:19:00,3,5.623058399445405,16.392576598077362,4
2.0,2024-01-01 02:26:00,2024-01-01 03:13:00,1,9.70884572943059,35.469643772743936,1
2.0,2024-01-01 02:27:00,2024-01-01 02:50:00,1,10.128347385114001,87.42595339842123,1
1.0,2024-01-01 02:28:00,2024-01-01 02:37:00,1,19.06680638298885,27.093967054398718,2
1.0,2024-01-01 02:29:00,2024-01-01 02:19:00,3,16.561089097685272,62.73111083227276,1
2.0,2024-01-01 02:30:00,2024-01-01 02:45:00,2,14.3255294708644,43.25376478412979,5
1.0,2024-01-01 02:31:00,2024-01-01 02:47:00,2,11.95872623899462,24.745153534866656,1
1.0,2024-01-01 02:32:00,2024-01-01 02:46:00,2,16.501539891820887,82.27365488864457,1
1.0,2024-01-01 02:33:00,2024-01-01 02:45:00,2,8.149207309709169,75.56897126424057,5
2.0,2024-01-01 02:34:00,2024-01-01 03:02:00,3,9.227261174568207,67.85115126613022,3
1.0,2024-01-01 02:35:00,2024-01-01 03:07:00,4,14.7350335610768,27.451976075531363,1
2.0,2024-01-01 02:36:00,2024-01-01 03:21:00,1,7.476217884227428,14.296415258062751,4
2.0,2024-01-01 02:37:00,2024-01-01 03:17:00,1,1.7460683699432895,59.735136333466784,1
1.0,2024-01-01 02:38:00,2024-01-01 03:19:00,3,1.9495248732783932,57.599394186246165,1
2.0,2024-01-01 02:39:00,2024-01-01 03:04:00,2,2.749574625461225,22.896575886812936,4
1.0,2024-01-01 02:40:00,2024-01-01 02:52:00,3,17.458785805201423,10.343435959941386,1
2.0,2024-01-01 02:41:00,2024-01-01 03:40:00,2,9.708415302245983,12.667303148428667,1
2.0,2024-01-01 02:42:00,2024-01-01 02:55:00,2,14.401206202222362,99.31324371870971,1
2.0,2024-01-01 02:43:00,2024-01-01 03:34:00,1,8.16173204429542,79.44047000057395,2
1.0,2024-01-01 02:44:00,2024-01-01 03:03:00,1,5.544863474604873,92.5888102166914,1
2.0,2024-01-01 02:45:00,2024-01-01 03:37:00,3,7.270247267463133,23.53019861245452,1
1.0,2024-01-01 02:46:00,2024-01-01 03:36:00,2,15.98655573368508,96.25401095072634,2
1.0,2024-01-01 02:47:00,2024-01-01 03:31:00,4,12.691714438113046,18.5521633899504,1
1.0,2024-01-01 02:48:00,2024-01-01 03:10:00,5,18.78397570917909,53.362773713814754,2
2.0,2024-01-01 02:49:00,2024-01-01 03:35:00,2,13.754243182248263,83.82109001962108,3
2.0,2024-01-01 02:50:00,2024-01-01 03:14:00,4,11.618541819216532,10.0,1
1.0,2024-01-01 02:51:00,2024-01-01 03:01:00,2,12.398822175223772,10.0,1
2.0,2024-01-01 02:52:00,2024-01-01 03:08:00,2,18.87624306963409,17.177585478414294,1
2.0,2024-01-01 02:53:00,2024-01-01 02:59:00,3,15.86991813240077,16.67757859990241,2
2.0,2024-01-01 02:54:00,2024-01-01 03:05:00,2,0.9688041286455374,63.85898135397266,3
1.0,2024-01-01 02:55:00,2024-01-01 03:15:00,3,10.915724074646096,69.17557501890539,1
2.0,2024-01-01 02:56:00,2024-01-01 03:03:00,1,13.922599025158014,78.84658883780835,1
1.0,2024-01-01 02:57:00,2024-01-01 03:46:00,3,15.099620329563525,57.88479500476659,1
2.0,2024-01-01 02:58:00,2024-01-01 03:05:00,5,4.6562713266217655,66.34713276482407,1
1.0,2024-01-01 02:59:00,2024-01-01 03:30:00,5,17.40995841180137,6.284140811473406,1
1.0,2024-01-01 03:00:00,2024-01-01 03:54:00,3,19.13894136991569,20.406219078032866,3
1.0,2024-01-01 03:01:00,2024-01-01 03:48:00,3,5.11594846397496,98.56690277160594,1
2.0,2024-01-01 03:02:00,2024-01-01 03:46:00,3,17.711001421586293,12.21938310000402,2
2.0,2024-01-01 03:03:00,2024-01-01 03:45:00,3,2.39108586906386,69.48488111472327,1
1.0,2024-01-01 03:04:00,2024-01-01 03:41:00,1,1.586283304247281,21.727850138013043,1
2.0,2024-01-01 03:05:00,2024-01-01 03:37:00,2,3.0198641020036128,73.08826564792598,1
2.0,2024-01-01 03:06:00,2024-01-01 03:11:00,2,1.6259510496072018,72.06908828138938,2
2.0,2024-01-01 03:07:00,2024-01-01 04:06:00,6,16.97773862453763,10.0,1
2.0,2024-01-01 03:08:00,2024-01-01 03:20:00,2,1.651477816936303,30.6152679258244,1
1.0,2024-01-01 03:09:00,2024-01-01 03:50:00,2,5.797451731591282,67.20321779219839,1
1.0,2024-01-01 03:10:00,2024-01-01 03:46:00,2,2.5232486989492,42.0581736841203,2
2.0,2024-01-01 03:11:00,2024-01-01 04:03:00,1,6.260729708118417,23.48205712149157,1
2.0,2024-01-01 03:12:00,2024-01-01 03:59:00,3,2.265909618217949,74.50956188481076,1
2.0,2024-01-01 03:13:00,2024-01-01 03:54:00,1,13.526063389488774,19.644014811951745,3
1.0,2024-01-01 03:14:00,2024-01-01 03:22:00,2,3.0998729186802154,86.28614809376992,3
1.0,2024-01-01 03:15:00,2024-01-01 03:49:00,4,17.110995553858313,53.89360478492362,1
2.0,2024-01-01 03:16:00,2024-01-01 03:26:00,2,16.435225489169497,15.041557368533566,2
2.0,2024-01-01 03:17:00,2024-01-01 04:07:00,1,0.7664028666768836,70.93687168544352,1
2.0,2024-01-01 03:18:00,2024-01-01 04:16:00,3,17.966663932544733,54.32048875958135,2
2.0,2024-01-01 03:19:00,2024-01-01 03:42:00,4,1.0644141764956576,33.31546932050691,3
2.0,2024-01-01 03:20:00,2024-01-01 03:56:00,1,5.173092806672354,45.14124112126621,1
1.0,2024-01-01 03:21:00,2024-01-01 03:34:00,4,1.1315881866319035,33.342085640812385,2
1.0,2024-01-01 03:22:00,2024-01-01 03:38:00,4,7.048947997266662,29.987454395564484,1
2.0,2024-01-01 03:23:00,2024-01-01 03:38:00,2,10.520397251408795,20.542799980152655,1
2.0,2024-01-01 03:24:00,2024-01-01 04:14:00,6,16.034574945795192,39.46287764806021,2
1.0,2024-01-01 03:25:00,2024-01-01 04:24:00,4,7.090640234161804,28.84378460002672,4
1.0,2024-01-01 03:26:00,2024-01-01 03:46:00,4,14.257055481125777,69.92627627012212,1
2.0,2024-01-01 03:27:00,2024-01-01 03:32:00,3,4.156336913820116,69.9682904105141,1
1.0,2024-01-01 03:28:00,2024-01-01 04:17:00,1,15.136669906510464,52.67482304278565,1
1.0,2024-01-01 03:29:00,2024-01-01 04:28:00,1,5.101933815230132,78.9047301096805,5
2.0,2024-01-01 03:30:00,2024-01-01 04:27:00,2,3.2991227409034742,84.92727330557457,2
2.0,2024-01-01 03:31:00,2024-01-01 03:56:00,1,4.115472582294059,60.077813456255946,2
2.0,2024-01-01 03:32:00,2024-01-01 04:06:00,2,4.05023101319618,63.79884046252621,1
1.0,2024-01-01 03:33:00,2024-01-01 03:50:00,5,10.500826147851328,31.87416142970469,3
2.0,2024-01-01 03:34:00,2024-01-01 04:12:00,4,16.97355283316885,90.01257406702437,3
1.0,2024-01-01 03:35:00,2024-01-01 03:43:00,3,2.05229900135386,7.299574220140333,2
1.0,2024-01-01 03:36:00,2024-01-01 04:08:00,5,14.285648210621742,38.117234597070336,1
2.0,2024-01-01 03:37:00,2024-01-01 03:27:00,4,13.259755963230724,73.57104004723632,1
2.0,2024-01-01 03:38:00,2024-01-01 04:13:00,2,17.514139060672566,12.608503418760318,1
2.0,2024-01-01 03:39:00,2024-01-01 04:38:00,1,5.260877429884691,22.4011051056878,2
2.0,2024-01-01 03:40:00,2024-01-01 04:11:00,2,9.277142244358078,60.98214414697086,1
2.0,2024-01-01 03:41:00,2024-01-01 03:50:00,3,18.553633801648587,58.19939878903801,2
1.0,2024-01-01 03:42:00,2024-01-01 04:11:00,2,13.369872277638684,75.19818813244072,1
1.0,2024-01-01 03:43:00,2024-01-01 03:50:00,3,8.08098405080114,82.19820071337632,2
1.0,2024-01-01 03:44:00,2024-01-01 04:21:00,1,3.062541465677735,17.215059958608567,1
1.0,2024-01-01 03:45:00,2024-01-01 03:53:00,3,5.618457654061525,6.746194028647995,1
2.0,2024-01-01 03:46:00,2024-01-01 04:15:00,4,11.833701811042976,70.51565936759609,1
1.0,2024-01-01 03:47:00,2024-01-01 04:11:00,3,14.504274977430018,33.63222059780412,1
2.0,2024-01-01 03:48:00,2024-01-01 04:26:00,6,2.926226793611923,64.4684718222056,1
2.0,2024-01-01 03:49:00,2024-01-01 04:19:00,4,12.192146570859054,19.301735865911347,3
2.0,2024-01-01 03:50:00,2024-01-01 03:59:00,5,11.231849937355644,49.55880443326648,1
2.0,2024-01-01 03:51:00,2024-01-01 04:30:00,5,10.522131210468809,52.9203508760265,1
2.0,2024-01-01 03:52:00,2024-01-01 04:24:00,4,13.957400794799156,60.58239255545553,1
1.0,2024-01-01 03:53:00,2024-01-01 04:26:00,3,16.830267104127508,53.751151551403616,1
1.0,2024-01-01 03:54:00,2024-01-01 04:07:00,6,6.798298821948934,52.09062317172782,1
2.0,2024-01-01 03:55:00,2024-01-01 04:51:00,2,17.83573770716371,36.609744628466274,1
1.0,2024-01-01 03:56:00,2024-01-01 04:38:00,3,3.632355446061738,11.762122450218191,1
1.0,2024-01-01 03:57:00,2024-01-01 04:51:00,2,3.873965460147705,13.50441869570002,1
2.0,2024-01-01 03:58:00,2024-01-01 04:08:00,2,5.702055240666517,46.2089360686796,2
1.0,2024-01-01 03:59:00,2024-01-01 04:22:00,6,2.830851956168017,38.80034714299434,1
2.0,2024-01-01 04:00:00,2024-01-01 04:48:00,5,4.991224881316112,54.03280644407729,1
2.0,2024-01-01 04:01:00,2024-01-01 04:16:00,4,2.5750293766054697,33.959626079345355,1
2.0,2024-01-01 04:02:00,2024-01-01 04:08:00,2,16.524172131215114,70.35145868825582,3
1.0,2024-01-01 04:03:00,2024-01-01 04:54:00,1,3.20989534178918,87.0757080909035,2
1.0,2024-01-01 04:04:00,2024-01-01 04:52:00,1,15.072302372417209,33.392002934752426,2
2.0,2024-01-01 04:05:00,2024-01-01 04:53:00,2,1.434320424310008,23.33348075420772,1
1.0,2024-01-01 04:06:00,2024-01-01 04:19:00,1,18.996146386521342,16.037154554138468,3
2.0,2024-01-01 04:07:00,2024-01-01 04:32:00,1,14.36762170679144,63.544133854227184,1
2.0,2024-01-01 04:08:00,2024-01-01 04:36:00,5,0.6325326974291798,47.16631915835409,1
2.0,2024-01-01 04:09:00,2024-01-01 04:47:00,3,15.395201753904171,22.86149313364745,2
1.0,2024-01-01 04:10:00,2024-01-01 04:36:00,2,10.524597454940611,67.04798966272627,1
1.0,2024-01-01 04:11:00,2024-01-01 04:18:00,1,15.697620821534835,19.10590238550202,5
2.0,2024-01-01 04:12:00,2024-01-01 04:28:00,2,10.688687773366476,57.65856705555549,1
1.0,2024-01-01 04:13:00,2024-01-01 04:45:00,1,12.999984723889416,55.07909625440014,5
1.0,2024-01-01 04:14:00,2024-01-01 04:48:00,5,15.833467280203289,74.75164111267792,2
2.0,2024-01-01 04:15:00,2024-01-01 04:45:00,2,8.399607064463206,10.23541579436334,1
2.0,2024-01-01 04:16:00,2024-01-01 05:08:00,2,0.5528089214988157,89.34792852587638,1
2.0,2024-01-01 04:18:00,2024-01-01 04:50:00,1,7.92736207118092,25.53196984313241,4
1.0,2024-01-01 04:19:00,2024-01-01 04:49:00,3,10.17283315732337,22.42350811792527,1
2.0,2024-01-01 04:20:00,2024-01-01 04:57:00,3,10.128347385114001,46.00772034365942,2
2.0,2024-01-01 04:21:00,2024-01-01 04:46:00,3,10.09579420182691,82.66870630673671,5
1.0,2024-01-01 04:22:00,2024-01-01 05:01:00,1,19.736504330648724,85.08024934821518,1
2.0,2024-01-01 04:23:00,2024-01-01 05:19:00,3,5.926219385966008,54.44332875324139,1
2.0,2024-01-01 04:24:00,2024-01-01 05:02:00,3,8.210656269726373,86.77703195524006,2
2.0,2024-01-01 04:25:00,2024-01-01 05:10:00,5,13.900204931139196,5.517152373210604,1
2.0,2024-01-01 04:26:00,2024-01-01 05:21:00,2,16.388476516711343,8.341589995501678,1
2.0,2024-01-01 04:27:00,2024-01-01 05:18:00,2,8.639136668118956,91.62305139549056,1
1.0,2024-01-01 04:28:00,2024-01-01 04:50:00,3,6.538542972825205,78.65653333916202,1
1.0,2024-01-01 04:29:00,2024-01-01 04:44:00,3,18.787603099708807,47.81707553378664,2
2.0,2024-01-01 04:30:00,2024-01-01 04:57:00,2,13.70432685009755,76.59296249040878,1
2.0,2024-01-01 04:31:00,2024-01-01 05:23:00,2,2.820915437616251,95.78574886372506,5
2.0,2024-01-01 04:32:00,2024-01-01 04:58:00,2,1.844093623625648,78.34850476872208,1
2.0,2024-01-01 04:33:00,2024-01-01 04:54:00,5,9.929222090412196,85.02527671274059,2
2.0,2024-01-01 04:34:00,2024-01-01 04:43:00,2,4.791756287921812,77.25762523205587,1
2.0,2024-01-01 04:35:00,2024-01-01 05:23:00,5,5.452702690836943,20.98005378118645,1
2.0,2024-01-01 04:36:00,2024-01-01 04:51:00,2,17.61499748714304,84.189540416345,1
2.0,2024-01-01 04:37:00,2024-01-01 05:11:00,5,2.2465374741680577,23.535337902299958,2
2.0,2024-01-01 04:38:00,2024-01-01 04:57:00,4,14.449600246963348,89.79807616419396,3
2.0,2024-01-01 04:39:00,2024-01-01 05:10:00,2,5.787273940921467,48.571740317702215,1
2.0,2024-01-01 04:40:00,2024-01-01 05:19:00,5,15.326400317380685,69.3127914695477,1
1.0,2024-01-01 04:41:00,2024-01-01 05:18:00,1,14.58702199703912,52.23788054866113,1
1.0,2024-01-01 04:42:00,2024-01-01 05:06:00,5,0.6441420781637139,13.929138294577193,1
1.0,2024-01-01 04:43:00,2024-01-01 05:03:00,3,10.428140551971184,32.61861922396318,2
2.0,2024-01-01 04:44:00,2024-01-01 05:22:00,1,3.216729906371904,98.45452612971556,3
1.0,2024-01-01 04:45:00,2024-01-01 04:51:00,3,17.391427096284197,96.26790140863264,1
1.0,2024-01-01 04:46:00,2024-01-01 05:25:00,6,17.49592471581693,35.44625527727699,5
2.0,2024-01-01 04:47:00,2024-01-01 05:31:00,1,8.657743246128282,99.64819640329644,1
1.0,2024-01-01 04:48:00,2024-01-01 05:20:00,3,9.16571455979607,85.32736357220546,2
2.0,2024-01-01 04:49:00,2024-01-01 05:40:00,3,6.414017318388279,63.0411524460642,1
1.0,2024-01-01 04:50:00,2024-01-01 05:33:00,4,14.473822829720604,8.811838924795902,1
1.0,2024-01-01 04:51:00,2024-01-01 05:01:00,2,7.493896579015953,90.63744880614604,1
2.0,2024-01-01 04:52:00,2024-01-01 05:05:00,1,5.721953253191359,57.95578153011037,1
1.0,2024-01-01 04:53:00,2024-01-01 05:17:00,1,8.92850566033791,87.5052343642631,2
1.0,2024-01-01 04:54:00,2024-01-01 04:59:00,3,2.284006608555445,84.27076639104553,2
2.0,2024-01-01 04:55:00,2024-01-01 05:07:00,2,15.058762490561977,84.13559044410317,1
2.0,2024-01-01 04:56:00,2024-01-01 05:55:00,5,10.128347385114001,71.32651676791598,3
1.0,2024-01-01 04:57:00,2024-01-01 05:24:00,1,13.06745869965158,32.684438174224624,1
2.0,2024-01-01 04:58:00,2024-01-01 05:05:00,3,4.065858271720012,36.935224485729385,2
1.0,2024-01-01 04:59:00,2024-01-01 05:07:00,1,5.031878901181056,34.3045751953552,1
1.0,2024-01-01 05:00:00,2024-01-01 05:29:00,1,12.89482397348078,6.904369955593646,1
2.0,2024-01-01 05:01:00,2024-01-01 05:52:00,2,19.86239758276669,60.34404637540706,1
2.0,2024-01-01 05:02:00,2024-01-01 05:44:00,2,15.665491036914736,71.38919869237311,1
2.0,2024-01-01 05:03:00,2024-01-01 05:22:00,3,4.903872828356144,86.11726938489434,2
2.0,2024-01-01 05:04:00,2024-01-01 05:29:00,5,3.932482723302109,18.315716171359384,1
2.0,2024-01-01 05:05:00,2024-01-01 05:44:00,3,17.391540970219573,56.697399152796166,1
2.0,2024-01-01 05:06:00,2024-01-01 06:03:00,6,9.161586984469334,5.760773364009372,1
1.0,2024-01-01 05:07:00,2024-01-01 06:04:00,5,3.1725296551490314,14.0338965325193,2
2.0,2024-01-01 05:08:00,2024-01-01 05:58:00,3,17.313122754777794,10.15011569956934,2
1.0,2024-01-01 05:09:00,2024-01-01 06:05:00,4,16.413800881828095,73.92041323147126,1
1.0,2024-01-01 05:10:00,2024-01-01 05:28:00,3,19.68617409599469,12.7006585683723,1
1.0,2024-01-01 05:11:00,2024-01-01 05:51:00,1,18.240001890897336,73.06303324808505,2
1.0,2024-01-01 05:12:00,2024-01-01 05:28:00,3,17.109911603880562,28.714346919005425,1
2.0,2024-01-01 05:13:00,2024-01-01 05:34:00,1,1.5252007573145614,88.38273126620925,1
2.0,2024-01-01 05:14:00,2024-01-01 05:57:00,3,2.5360997052133016,82.24924889456234,1
2.0,2024-01-01 05:15:00,2024-01-01 05:28:00,3,11.595172288930394,95.99387066015127,1
1.0,2024-01-01 05:16:00,2024-01-01 05:55:00,1,10.863845302495507,88.95739146851304,1
1.0,2024-01-01 05:17:00,2024-01-01 05:34:00,1,9.430282682545942,93.666294816053,2
1.0,2024-01-01 05:18:00,2024-01-01 05:37:00,5,8.237391845584392,86.58052766876423,1
1.0,2024-01-01 05:19:00,2024-01-01 05:41:00,3,8.908604454854414,70.87128055841126,2
2.0,2024-01-01 05:20:00,2024-01-01 06:15:00,1,11.601309715628506,21.174619451916417,1
2.0,2024-01-01 05:21:00,2024-01-01 05:58:00,3,0.5404920932015835,30.81221429113883,3
2.0,2024-01-01 05:22:00,2024-01-01 05:32:00,3,5.5838210955906185,25.209061782375944,1
1.0,2024-01-01 05:23:00,2024-01-01 05:54:00,2,10.606454553429868,62.34064982752953,1
2.0,2024-01-01 05:24:00,2024-01-01 05:51:00,6,14.583213924136102,52.84389410749213,1
2.0,2024-01-01 05:25:00,2024-01-01 05:56:00,3,3.896055501710229,87.37259973005025,1
2.0,2024-01-01 05:26:00,2024-01-01 06:04:00,2,11.164182888854942,95.5039223174122,1
2.0,2024-01-01 05:27:00,2024-01-01 06:17:00,4,14.431963835772745,43.46168951372371,2
1.0,2024-01-01 05:28:00,2024-01-01 06:10:00,5,9.17023932932114,53.103302561677175,1
1.0,2024-01-01 05:29:00,2024-01-01 05:47:00,1,1.0280821065659955,97.29405389639322,5
1.0,2024-01-01 05:30:00,2024-01-01 06:10:00,1,10.128347385114001,31.24269945419864,5
2.0,2024-01-01 05:31:00,2024-01-01 06:28:00,1,6.280675311010985,80.2771236590873,1
1.0,2024-01-01 05:32:00,2024-01-01 05:44:00,3,18.628167350175904,26.397790721848395,5
1.0,2024-01-01 05:33:00,2024-01-01 06:12:00,3,2.9299610207273834,69.73871096540084,1
1.0,2024-01-01 05:34:00,2024-01-01 05:57:00,3,13.223281132391026,29.0934846256636,1
1.0,2024-01-01 05:35:00,2024-01-01 06:09:00,5,1.5280354435227723,88.95467193898175,1
2.0,2024-01-01 05:36:00,2024-01-01 05:54:00,4,9.200323537347582,58.3404046549843,1
2.0,2024-01-01 05:37:00,2024-01-01 06:01:00,1,11.302600000791571,22.66369588306653,1
1.0,2024-01-01 05:38:00,2024-01-01 06:31:00,2,6.310121160678876,26.315071691356174,5
1.0,2024-01-01 05:39:00,2024-01-01 06:08:00,2,9.373974892647496,51.91567359226953,1
1.0,2024-01-01 05:40:00,2024-01-01 06:24:00,2,3.6892989933386535,96.3521924296135,1
1.0,2024-01-01 05:41:00,2024-01-01 06:09:00,3,6.430415064626705,78.11600556894717,3
1.0,2024-01-01 05:42:00,2024-01-01 06:00:00,5,12.61157333574896,51.38941606845528,1
1.0,2024-01-01 05:43:00,2024-01-01 06:13:00,2,6.385101089292524,37.08331873341062,1
1.0,2024-01-01 05:44:00,2024-01-01 06:26:00,3,18.044990028973,57.18050686810205,2
2.0,2024-01-01 05:45:00,2024-01-01 06:12:00,4,12.7539356739993,76.09427917571887,1
2.0,2024-01-01 05:46:00,2024-01-01 06:12:00,2,9.053655859501696,79.473215903016,1
1.0,2024-01-01 05:47:00,2024-01-01 06:39:00,1,1.2557602433065582,35.837835819209744,1
1.0,2024-01-01 05:48:00,2024-01-01 06:11:00,2,10.24119253649109,73.51013048031834,1
2.0,2024-01-01 05:49:00,2024-01-01 06:39:00,1,15.41313672143924,67.48993410343769,5
2.0,2024-01-01 05:50:00,2024-01-01 06:45:00,5,5.678373161242066,96.11566773964792,3
2.0,2024-01-01 05:51:00,2024-01-01 05:58:00,1,16.232084608150963,93.4535775982614,1
2.0,2024-01-01 05:52:00,2024-01-01 06:38:00,2,5.410231937992189,79.99103593233981,1
1.0,2024-01-01 05:53:00,2024-01-01 06:16:00,2,16.56305456504061,73.7224954412182,1
1.0,2024-01-01 05:54:00,2024-01-01 06:07:00,6,2.162732661427709,31.033951021906205,5
2.0,2024-01-01 05:55:00,2024-01-01 06:27:00,1,17.390582322946077,85.36669932936067,1
1.0,2024-01-01 05:56:00,2024-01-01 06:20:00,1,10.234135793199943,45.61304185276978,1
2.0,2024-01-01 05:57:00,2024-01-01 06:46:00,1,6.282482997595109,30.86285153807425,2
2.0,2024-01-01 05:58:00,2024-01-01 06:09:00,1,5.669708383095401,41.49527200557894,5
2.0,2024-01-01 05:59:00,2024-01-01 06:17:00,1,8.924205899142072,84.41387155156825,1
1.0,2024-01-01 06:00:00,2024-01-01 06:13:00,3,19.98146521302108,19.12015547989908,1
2.0,2024-01-01 06:01:00,2024-01-01 07:00:00,1,4.79638417203286,48.335080406383135,1
1.0,2024-01-01 06:02:00,2024-01-01 06:25:00,1,2.5127246531404923,51.77397148030152,1
2.0,2024-01-01 06:03:00,2024-01-01 06:54:00,4,11.908185790013906,8.479821271887843,2
2.0,2024-01-01 06:04:00,2024-01-01 07:00:00,2,10.026578095585014,23.595872807075708,2
1.0,2024-01-01 06:05:00,2024-01-01 06:23:00,2,10.721827285734491,83.54053071470636,2
2.0,2024-01-01 06:06:00,2024-01-01 06:48:00,2,13.505240642365733,83.92290191650225,1
2.0,2024-01-01 06:07:00,2024-01-01 07:04:00,6,5.709309362477661,32.77943296900356,1
1.0,2024-01-01 06:08:00,2024-01-01 06:48:00,1,18.257967409985824,88.115237286803,1
1.0,2024-01-01 06:09:00,2024-01-01 06:53:00,5,8.995605289384661,78.31937921149304,1
1.0,2024-01-01 06:10:00,2024-01-01 06:31:00,4,3.017180805278005,44.7012109605639,2
1.0,2024-01-01 06:11:00,2024-01-01 06:45:00,1,14.974825756311914,76.09860271847859,1
1.0,2024-01-01 06:12:00,2024-01-01 06:25:00,6,13.04053487604808,96.32678996350658,1
2.0,2024-01-01 06:13:00,2024-01-01 06:50:00,1,6.656996348438724,48.602123216208135,1
1.0,2024-01-01 06:14:00,2024-01-01 07:10:00,1,12.619615118663946,27.650582000580947,1
1.0,2024-01-01 06:15:00,2024-01-01 06:44:00,4,4.787308149195049,94.4725675047648,1
2.0,2024-01-01 06:16:00,2024-01-01 06:34:00,3,9.174367507140326,62.35570741350936,3
1.0,2024-01-01 06:17:00,2024-01-01 06:32:00,3,18.038544182262843,15.000190435640402,1
2.0,2024-01-01 06:18:00,2024-01-01 07:15:00,1,3.1039175466346136,59.4048675063855,2
1.0,2024-01-01 06:19:00,2024-01-01 06:58:00,2,8.040580774755508,52.55518449758838,1
1.0,2024-01-01 06:20:00,2024-01-01 07:05:00,4,16.51227728204677,86.28094493717852,1
2.0,2024-01-01 06:21:00,2024-01-01 06:39:00,2,19.405072538420477,55.41604302753453,4
2.0,2024-01-01 06:22:00,2024-01-01 06:56:00,2,9.35155966022502,29.247081262706928,1
2.0,2024-01-01 06:23:00,2024-01-01 07:08:00,1,10.386492592795276,69.18618606716441,2
2.0,2024-01-01 06:24:00,2024-01-01 06:32:00,1,11.65735325478351,56.544667990880114,1
2.0,2024-01-01 06:25:00,2024-01-01 06:33:00,5,18.68078876185736,27.139239685352884,1
1.0,2024-01-01 06:26:00,2024-01-01 06:58:00,2,17.23503242405208,59.494646504576245,2
1.0,2024-01-01 06:27:00,2024-01-01 06:39:00,6,3.8267219301220647,83.04587989952019,3
2.0,2024-01-01 06:28:00,2024-01-01 06:34:00,2,9.016777448017963,7.714237183780991,3
2.0,2024-01-01 06:29:00,2024-01-01 07:14:00,3,9.548008349830312,64.93084867128562,1
2.0,2024-01-01 06:30:00,2024-01-01 07:20:00,1,15.887374177150756,38.210593599517246,1
1.0,2024-01-01 06:31:00,2024-01-01 06:57:00,2,12.256411210805988,32.803787347145295,2
1.0,2024-01-01 06:32:00,2024-01-01 07:17:00,1,13.257299009565752,42.29583628430557,2
2.0,2024-01-01 06:33:00,2024-01-01 07:32:00,2,19.964898199479546,37.49215310355826,1
1.0,2024-01-01 06:34:00,2024-01-01 06:54:00,2,1.9617208476652543,84.06271513730195,1
2.0,2024-01-01 06:35:00,2024-01-01 07:08:00,6,4.8486915589077935,31.105792022950556,3
2.0,2024-01-01 06:36:00,2024-01-01 07:29:00,3,8.453970778745163,74.6495371951256,1
1.0,2024-01-01 06:37:00,2024-01-01 07:29:00,1,7.2817568594533,13.935682921715928,1
2.0,2024-01-01 06:38:00,2024-01-01 07:12:00,1,0.92208844626618,95.38265538601948,3
2.0,2024-01-01 06:39:00,2024-01-01 06:55:00,1,2.2896633261879287,64.12008053861243,1
1.0,2024-01-01 06:40:00,2024-01-01 07:19:00,3,13.778589182369736,72.13826481923321,1
2.0,2024-01-01 06:41:00,2024-01-01 06:56:00,4,17.64682703556993,33.31373654897284,2
2.0,2024-01-01 06:42:00,2024-01-01 07:32:00,5,10.527426719686565,44.14917402727089,1
2.0,2024-01-01 06:43:00,2024-01-01 07:37:00,1,11.014226050515845,26.258946695742743,2
1.0,2024-01-01 06:44:00,2024-01-01 07:09:00,2,5.474321940231398,93.59092815121129,1
2.0,2024-01-01 06:45:00,2024-01-01 07:10:00,2,15.473589090857372,51.36992247463088,1
1.0,2024-01-01 06:46:00,2024-01-01 06:55:00,3,15.1599944536615,64.89257098750905,1
1.0,2024-01-01 06:47:00,2024-01-01 07:39:00,3,11.973130939744305,74.75584290041796,5
2.0,2024-01-01 06:48:00,2024-01-01 07:12:00,3,4.646953586971185,40.2550786544562,1
1.0,2024-01-01 06:49:00,2024-01-01 07:30:00,3,2.391855255623244,73.40965718121842,1
1.0,2024-01-01 06:50:00,2024-01-01 06:57:00,1,1.7526522292139548,69.21928652685231,1
2.0,2024-01-01 06:51:00,2024-01-01 07:39:00,4,12.057573299536116,72.03763671802491,1
2.0,2024-01-01 06:52:00,2024-01-01 07:29:00,1,16.5881887232846,51.47684051943823,1
2.0,2024-01-01 06:53:00,2024-01-01 07:50:00,3,17.237443419728034,41.37905131770363,1
2.0,2024-01-01 06:54:00,2024-01-01 07:07:00,2,9.540630449697272,26.097807879854034,1
1.0,2024-01-01 06:55:00,2024-01-01 07:08:00,2,15.79329033648098,83.33950351608483,1
1.0,2024-01-01 06:56:00,2024-01-01 07:04:00,5,18.96416382864996,62.79325442050948,2
1.0,2024-01-01 06:57:00,2024-01-01 07:36:00,5,5.865817193517326,47.21345862926202,2
2.0,2024-01-01 06:58:00,2024-01-01 07:19:00,4,8.260226754424764,94.67961113750808,1
2.0,2024-01-01 06:59:00,2024-01-01 07:37:00,2,18.663840355635276,9.544687188168687,1
2.0,2024-01-01 07:00:00,2024-01-01 07:28:00,3,7.095503862687055,85.76633479447952,2
2.0,2024-01-01 07:01:00,2024-01-01 07:37:00,2,18.320587661275027,99.77034632986738,2
1.0,2024-01-01 07:02:00,2024-01-01 07:07:00,5,19.63037481396208,89.2595005338724,1
1.0,2024-01-01 07:03:00,2024-01-01 07:15:00,2,13.40530920720128,81.9914756334844,4
1.0,2024-01-01 07:04:00,2024-01-01 07:53:00,6,16.429360645331283,40.55906937360084,1
2.0,2024-01-01 07:05:00,2024-01-01 07:32:00,5,15.11613850231116,26.97484731491788,1
1.0,2024-01-01 07:06:00,2024-01-01 07:57:00,3,14.140918023502714,74.8107994474621,1
2.0,2024-01-01 07:07:00,2024-01-01 07:51:00,1,6.485155923134035,33.934659797414,4
1.0,2024-01-01 07:08:00,2024-01-01 07:24:00,1,1.6133395892049025,21.723769804722213,1
1.0,2024-01-01 07:09:00,2024-01-01 08:07:00,5,7.189508784133187,79.71995927484117,2
1.0,2024-01-01 07:10:00,2024-01-01 07:26:00,1,13.50525171147618,34.691646962488605,1
2.0,2024-01-01 07:11:00,2024-01-01 08:01:00,5,2.499319365442127,91.87196430129714,1
2.0,2024-01-01 07:12:00,2024-01-01 08:03:00,2,0.7324006680757208,84.8601012578169,1
1.0,2024-01-01 07:13:00,2024-01-01 07:32:00,2,3.224001265757304,85.52583130337923,3
1.0,2024-01-01 07:14:00,2024-01-01 07:59:00,5,14.456850565010509,78.29912397530349,1
2.0,2024-01-01 07:15:00,2024-01-01 07:38:00,3,19.469477182300658,88.68373525859998,1
1.0,2024-01-01 07:16:00,2024-01-01 07:46:00,3,19.669761642489,81.54595475692142,1
2.0,2024-01-01 07:17:00,2024-01-01 08:13:00,3,10.132593408233664,62.23857953959922,3
2.0,2024-01-01 07:18:00,2024-01-01 07:51:00,2,17.452369869350775,33.103158265277,1
1.0,2024-01-01 07:19:00,2024-01-01 07:45:00,4,14.86811588715433,89.37987335534416,1
1.0,2024-01-01 07:20:00,2024-01-01 08:04:00,1,10.270284621199767,84.85734416345323,1
2.0,2024-01-01 07:21:00,2024-01-01 07:46:00,5,11.668830392624193,49.923535610001785,5
1.0,2024-01-01 07:22:00,2024-01-01 08:17:00,5,3.175929359028986,8.712475170185742,3
1.0,2024-01-01 07:23:00,2024-01-01 08:05:00,2,18.784398482023544,65.66165410318177,2
2.0,2024-01-01 07:24:00,2024-01-01 07:48:00,3,7.362630529269647,9.806701099275266,1
2.0,2024-01-01 07:25:00,2024-01-01 07:58:00,3,9.199910500914806,92.99659637559868,1
2.0,2024-01-01 07:26:00,2024-01-01 08:21:00,2,13.597374504459026,96.35496937940415,4
2.0,2024-01-01 07:27:00,2024-01-01 07:35:00,6,7.011098194767802,23.0015638604624,1
1.0,2024-01-01 07:28:00,2024-01-01 08:27:00,1,5.458053639284145,69.25699091521645,1
1.0,2024-01-01 07:29:00,2024-01-01 07:40:00,1,12.805463168769302,13.765555433462463,1
2.0,2024-01-01 07:30:00,2024-01-01 08:02:00,2,0.9871896044960644,74.3041082144466,4
2.0,2024-01-01 07:31:00,2024-01-01 08:03:00,2,14.55413968452024,37.99232828450408,1
1.0,2024-01-01 07:32:00,2024-01-01 07:40:00,3,10.52345571259194,69.6997606143923,1
2.0,2024-01-01 07:33:00,2024-01-01 07:59:00,4,12.31219774515822,40.4232683742069,3
1.0,2024-01-01 07:34:00,2024-01-01 07:50:00,1,12.82166310531426,18.8289134341574,1
1.0,2024-01-01 07:35:00,2024-01-01 08:24:00,3,10.777478051604993,43.580448147743,1
1.0,2024-01-01 07:36:00,2024-01-01 07:43:00,1,11.859408660094353,15.703985030305052,5
1.0,2024-01-01 07:37:00,2024-01-01 08:03:00,2,13.833869917352557,59.80391112280985,5
1.0,2024-01-01 07:38:00,2024-01-01 08:26:00,1,10.128347385114001,8.890395554200579,3
1.0,2024-01-01 07:39:00,2024-01-01 07:45:00,1,14.685321630079349,55.09536956198667,2
1.0,2024-01-01 07:40:00,2024-01-01 08:08:00,3,17.457520925779104,89.20502147407637,1
2.0,2024-01-01 07:41:00,2024-01-01 08:19:00,1,4.194146946764354,84.59796066133946,4
2.0,2024-01-01 07:42:00,2024-01-01 08:13:00,1,8.322385405090053,88.8642614645172,1
2.0,2024-01-01 07:43:00,2024-01-01 08:42:00,1,18.982023287281912,92.5946362020752,3
2.0,2024-01-01 07:44:00,2024-01-01 08:29:00,5,8.23351620053343,14.930149348190952,4
1.0,2024-01-01 07:45:00,2024-01-01 07:50:00,5,2.934966499665492,17.23098427319274,2
1.0,2024-01-01 07:46:00,2024-01-01 07:58:00,3,10.7461799640625,57.91564659974722,3
2.0,2024-01-01 07:47:00,2024-01-01 08:14:00,5,2.6350739648120123,89.92740350032078,2
1.0,2024-01-01 07:48:00,2024-01-01 08:30:00,4,4.455638155193372,97.56319836978292,1
2.0,2024-01-01 07:49:00,2024-01-01 07:59:00,3,19.96721575313365,9.394882147299995,2
1.0,2024-01-01 07:50:00,2024-01-01 08:16:00,1,11.056571448724574,38.79853799906272,1
2.0,2024-01-01 07:51:00,2024-01-01 08:20:00,4,6.039138586288366,25.22495419269938,1
1.0,2024-01-01 07:52:00,2024-01-01 08:14:00,3,19.89811161419117,76.81675564846857,1
2.0,2024-01-01 07:53:00,2024-01-01 08:14:00,3,19.347898911825293,65.81841751101804,1
2.0,2024-01-01 07:54:00,2024-01-01 08:10:00,4,9.09441130114314,16.389362990965314,3
2.0,2024-01-01 07:55:00,2024-01-01 08:05:00,2,5.577860621364214,50.93459639967229,5
1.0,2024-01-01 07:56:00,2024-01-01 08:26:00,3,16.848792942797704,70.11684962527268,1
2.0,2024-01-01 07:57:00,2024-01-01 08:28:00,5,14.45460398094982,79.00551242278358,1
2.0,2024-01-01 07:58:00,2024-01-01 08:10:00,2,13.895357982568452,6.9050074294808095,1
2.0,2024-01-01 07:59:00,2024-01-01 08:22:00,3,17.915717955788214,89.59460952846953,5
2.0,2024-01-01 08:00:00,2024-01-01 08:46:00,2,13.94363411049083,59.08173138029982,1
2.0,2024-01-01 08:01:00,2024-01-01 08:06:00,3,6.034059889310209,82.13136592119095,2
1.0,2024-01-01 08:02:00,2024-01-01 08:35:00,4,14.03033165657678,81.75411285135692,4
2.0,2024-01-01 08:03:00,2024-01-01 08:52:00,1,6.463363470031448,23.03600272574207,1
2.0,2024-01-01 08:04:00,2024-01-01 08:57:00,3,15.305160103311405,15.466351424095144,4
2.0,2024-01-01 08:05:00,2024-01-01 08:44:00,1,12.585083162585535,73.52229055251354,4
1.0,2024-01-01 08:06:00,2024-01-01 08:50:00,3,2.0095252637026366,19.86055728805381,4
1.0,2024-01-01 08:07:00,2024-01-01 08:25:00,2,10.50028956748527,85.74406168344876,1
2.0,2024-01-01 08:08:00,2024-01-01 08:47:00,4,7.194368899316948,73.98800096689999,1
2.0,2024-01-01 08:09:00,2024-01-01 09:01:00,1,6.907127338279738,84.97340961469995,3
1.0,2024-01-01 08:10:00,2024-01-01 08:59:00,3,12.243997896356516,33.40620456288788,1
2.0,2024-01-01 08:11:00,2024-01-01 08:35:00,1,6.785334077153785,35.07681573900406,2
1.0,2024-01-01 08:12:00,2024-01-01 09:05:00,5,15.649428089995016,68.76604785290017,1
1.0,2024-01-01 08:13:00,2024-01-01 08:30:00,5,1.8804330022179012,7.987365730600016,1
1.0,2024-01-01 08:14:00,2024-01-01 08:56:00,6,13.377570921718595,74.01719090205515,1
1.0,2024-01-01 08:15:00,2024-01-01 09:08:00,4,16.279298671306456,84.39939173118712,1
2.0,2024-01-01 08:16:00,2024-01-01 09:06:00,4,13.620217953448387,44.44054072738988,1
1.0,2024-01-01 08:17:00,2024-01-01 09:10:00,6,10.195969302889916,77.66348885840452,1
2.0,2024-01-01 08:18:00,2024-01-01 08:30:00,2,19.03098676785553,21.588037113314886,1
2.0,2024-01-01 08:19:00,2024-01-01 09:06:00,2,6.34880055106224,35.61473741285104,2
2.0,2024-01-01 08:20:00,2024-01-01 08:44:00,4,0.8737738067370666,97.55897149549536,2
2.0,2024-01-01 08:21:00,2024-01-01 08:58:00,5,8.923792743537097,98.701176488212,1
1.0,2024-01-01 08:22:00,2024-01-01 08:52:00,1,1.1437327500563814,53.69748003705086,1
2.0,2024-01-01 08:23:00,2024-01-01 09:06:00,5,19.10176667426497,93.7556301890683,1
2.0,2024-01-01 08:24:00,2024-01-01 08:49:00,3,4.593401892087004,54.65941441540119,1
1.0,2024-01-01 08:25:00,2024-01-01 09:22:00,3,15.88407696700315,32.70087217530994,1
2.0,2024-01-01 08:26:00,2024-01-01 09:19:00,1,15.604155621900116,30.35543236938333,1
2.0,2024-01-01 08:27:00,2024-01-01 09:13:00,1,4.745713543817204,93.30304200997412,1
2.0,2024-01-01 08:28:00,2024-01-01 09:15:00,3,12.613917344363262,21.38240695251661,2
2.0,2024-01-01 08:29:00,2024-01-01 09:27:00,3,1.437539885485779,60.065083529172725,1
2.0,2024-01-01 08:30:00,2024-01-01 09:15:00,1,9.929704421225416,57.774881465958366,4
1.0,2024-01-01 08:31:00,2024-01-01 08:44:00,3,0.7856189818134913,75.26406004203452,1
2.0,2024-01-01 08:33:00,2024-01-01 09:14:00,4,19.533677471891647,30.867137767272748,1
1.0,2024-01-01 08:34:00,2024-01-01 09:27:00,5,4.834513949452413,21.092667464999963,1
1.0,2024-01-01 08:35:00,2024-01-01 09:20:00,2,4.558067674629269,63.97778633305972,1
1.0,2024-01-01 08:36:00,2024-01-01 08:57:00,2,15.197543442961528,73.30412190105714,1
2.0,2024-01-01 08:37:00,2024-01-01 09:05:00,3,5.440898277172022,59.104521474793096,1
2.0,2024-01-01 08:38:00,2024-01-01 09:03:00,2,17.95399290365598,75.1433713265135,1
1.0,2024-01-01 08:39:00,2024-01-01 09:34:00,1,11.691618154398151,18.44451423274621,2
2.0,2024-01-01 08:40:00,2024-01-01 09:23:00,1,7.340163648701086,88.83466851959787,1
1.0,2024-01-01 08:41:00,2024-01-01 09:40:00,2,16.73752805381369,60.32757329880779,2
2.0,2024-01-01 08:42:00,2024-01-01 09:27:00,1,10.121430658061206,17.05017305479673,1
2.0,2024-01-01 08:43:00,2024-01-01 09:26:00,2,18.276841817315272,48.88289439954482,4
2.0,2024-01-01 08:44:00,2024-01-01 09:01:00,1,18.59627761622293,85.25521509726158,1
1.0,2024-01-01 08:45:00,2024-01-01 09:00:00,1,3.7256929665039817,90.2684083780502,1
1.0,2024-01-01 08:46:00,2024-01-01 09:36:00,3,0.5453064195726403,30.141702974882342,1
1.0,2024-01-01 08:47:00,2024-01-01 09:10:00,3,19.68665333277684,72.57025334749304,1
1.0,2024-01-01 08:48:00,2024-01-01 09:03:00,3,18.16968195448585,14.498598510958786,1
2.0,2024-01-01 08:50:00,2024-01-01 09:40:00,1,16.744168146850864,58.23790061289456,2
2.0,2024-01-01 08:51:00,2024-01-01 09:40:00,3,9.42719618490453,71.00862003617196,4
2.0,2024-01-01 08:52:00,2024-01-01 08:57:00,3,5.549751297987017,80.5997394617677,1
2.0,2024-01-01 08:53:00,2024-01-01 09:37:00,2,17.63555721170013,37.3205426532568,5
2.0,2024-01-01 08:54:00,2024-01-01 09:42:00,2,4.335011031610991,5.619913990744264,4
2.0,2024-01-01 08:55:00,2024-01-01 09:18:00,5,18.972349988691303,50.55432752557861,3
2.0,2024-01-01 08:56:00,2024-01-01 09:12:00,2,4.509619010137151,6.506086810488863,1
1.0,2024-01-01 08:57:00,2024-01-01 09:09:00,2,12.4668221607105,13.738528513725994,1
1.0,2024-01-01 08:58:00,2024-01-01 09:10:00,3,4.8501835233150095,36.035457140516094,1
1.0,2024-01-01 08:59:00,2024-01-01 09:56:00,2,11.14053896688838,46.53134470821684,2
2.0,2024-01-01 09:00:00,2024-01-01 09:49:00,2,13.837515033345255,31.54959691681661,1
2.0,2024-01-01 09:01:00,2024-01-01 09:17:00,2,4.209444650992682,60.27720031794724,1
2.0,2024-01-01 09:03:00,2024-01-01 08:53:00,1,9.64666501560732,18.73507247276055,1
2.0,2024-01-01 09:04:00,2024-01-01 09:53:00,1,1.8852297173651544,71.04954807176618,2
1.0,2024-01-01 09:05:00,2024-01-01 09:35:00,2,16.457002444668404,18.503381091802183,1
1.0,2024-01-01 09:06:00,2024-01-01 09:49:00,4,7.045806812535414,65.77864414919014,2
2.0,2024-01-01 09:07:00,2024-01-01 09:39:00,1,11.704352852261652,10.195038971569728,2
2.0,2024-01-01 09:08:00,2024-01-01 09:17:00,6,10.53829258119612,43.701316516318336,1
2.0,2024-01-01 09:09:00,2024-01-01 09:21:00,2,10.508579839123623,21.85389966151232,1
2.0,2024-01-01 09:10:00,2024-01-01 09:39:00,6,2.5908366870655053,15.41544684084271,2
2.0,2024-01-01 09:11:00,2024-01-01 09:42:00,5,8.757899180361989,58.868114432616615,1
2.0,2024-01-01 09:12:00,2024-01-01 10:02:00,2,9.32115180452812,93.19189834053408,1
2.0,2024-01-01 09:13:00,2024-01-01 09:40:00,1,14.806035387106746,10.204769552737138,1
2.0,2024-01-01 09:14:00,2024-01-01 09:48:00,1,16.88036722245362,45.04765358071325,1
1.0,2024-01-01 09:15:00,2024-01-01 10:04:00,1,11.127154422950351,72.21586658581715,1
1.0,2024-01-01 09:16:00,2024-01-01 10:07:00,3,2.1922676042673146,48.955344010343566,1
1.0,2024-01-01 09:17:00,2024-01-01 09:44:00,1,5.118564676632652,81.6171148799983,1
2.0,2024-01-01 09:18:00,2024-01-01 10:11:00,2,3.716213523628256,22.06630500709251,1
2.0,2024-01-01 09:19:00,2024-01-01 09:09:00,2,2.929993732187933,96.16144947763534,3
2.0,2024-01-01 09:20:00,2024-01-01 09:44:00,1,7.635036323047247,41.59044963839135,1
1.0,2024-01-01 09:21:00,2024-01-01 09:43:00,1,4.97317329201045,37.449115129706136,3
1.0,2024-01-01 09:22:00,2024-01-01 09:44:00,1,4.75691068032449,88.08755047780076,1
1.0,2024-01-01 09:23:00,2024-01-01 09:29:00,1,1.5665169042372191,58.56736802971783,2
1.0,2024-01-01 09:24:00,2024-01-01 09:32:00,5,0.8445658735109607,54.062212480768046,1
2.0,2024-01-01 09:25:00,2024-01-01 09:59:00,3,2.5039807316707448,74.06290235520093,2
1.0,2024-01-01 09:26:00,2024-01-01 10:03:00,1,3.8578508487608447,60.08425263670359,1
1.0,2024-01-01 09:27:00,2024-01-01 10:07:00,1,8.904182712539962,20.438986251925957,2
2.0,2024-01-01 09:28:00,2024-01-01 09:50:00,1,10.45514509532747,69.04877417216832,1
1.0,2024-01-01 09:29:00,2024-01-01 10:10:00,1,3.241542404380629,17.679543531802203,1
2.0,2024-01-01 09:30:00,2024-01-01 09:53:00,5,8.783275159721633,81.55648200673589,1
2.0,2024-01-01 09:31:00,2024-01-01 10:22:00,4,7.164102425355582,99.02497678266576,3
1.0,2024-01-01 09:32:00,2024-01-01 10:04:00,2,4.076761048210143,40.85182437260375,2
2.0,2024-01-01 09:33:00,2024-01-01 10:17:00,5,0.6333945888930892,47.2518103291912,1
2.0,2024-01-01 09:34:00,2024-01-01 09:58:00,1,9.606848397173962,9.41119727086717,2
2.0,2024-01-01 09:35:00,2024-01-01 10:28:00,3,13.870209110671388,6.304652867844937,2
1.0,2024-01-01 09:36:00,2024-01-01 10:13:00,5,4.912408015804237,92.53483681325112,4
2.0,2024-01-01 09:37:00,2024-01-01 09:53:00,2,3.0702331829852474,17.219285741723247,3
1.0,2024-01-01 09:38:00,2024-01-01 10:33:00,4,17.797333516715756,47.34898101814968,2
1.0,2024-01-01 09:39:00,2024-01-01 09:58:00,1,5.862983063512057,82.45868926627834,1
1.0,2024-01-01 09:40:00,2024-01-01 10:25:00,1,4.860446085956963,89.48528219319036,2
2.0,2024-01-01 09:41:00,2024-01-01 10:24:00,1,17.21339032239336,54.34278010192943,1
2.0,2024-01-01 09:42:00,2024-01-01 09:48:00,2,16.433588433751844,58.67808987271523,5
1.0,2024-01-01 09:43:00,2024-01-01 10:16:00,3,9.242756175230356,68.6199773840109,1
2.0,2024-01-01 09:44:00,2024-01-01 10:29:00,5,10.040157797841603,96.33133466365295,1
1.0,2024-01-01 09:45:00,2024-01-01 09:59:00,3,4.746099744263429,62.25364628972798,1
1.0,2024-01-01 09:46:00,2024-01-01 09:52:00,5,2.0268825743513714,58.150149648352894,2
1.0,2024-01-01 09:47:00,2024-01-01 10:42:00,4,11.681920594435391,6.380742850269114,4
1.0,2024-01-01 09:48:00,2024-01-01 10:03:00,1,2.417725971009156,12.690221692123828,1
1.0,2024-01-01 09:49:00,2024-01-01 10:06:00,2,9.260853665654672,59.83130452927964,2
1.0,2024-01-01 09:50:00,2024-01-01 10:04:00,1,18.83969537100371,93.9428368416843,2
2.0,2024-01-01 09:51:00,2024-01-01 10:09:00,3,19.080270588826394,87.33567809794252,2
1.0,2024-01-01 09:52:00,2024-01-01 10:14:00,5,5.1669795876734925,98.34499768425944,1
1.0,2024-01-01 09:53:00,2024-01-01 10:48:00,1,12.67021169089026,55.14423356832103,3
2.0,2024-01-01 09:54:00,2024-01-01 10:52:00,3,9.744487150103224,79.85343915158785,1
1.0,2024-01-01 09:55:00,2024-01-01 10:08:00,3,17.575859987929064,84.83803149148734,2
2.0,2024-01-01 09:56:00,2024-01-01 10:39:00,3,5.792901853383038,66.56300744643187,1
1.0,2024-01-01 09:57:00,2024-01-01 10:29:00,2,0.5721969332321286,37.181240900378185,1
1.0,2024-01-01 09:58:00,2024-01-01 10:05:00,2,3.6699435156625935,49.64795129249047,3
1.0,2024-01-01 09:59:00,2024-01-01 10:23:00,1,7.315694622803262,86.50212186313894,1
1.0,2024-01-01 10:00:00,2024-01-01 10:10:00,1,6.656562030524528,33.362052968305576,1
1.0,2024-01-01 10:01:00,2024-01-01 10:32:00,1,15.931576922896276,92.7555974703316,2
1.0,2024-01-01 10:02:00,2024-01-01 10:59:00,3,13.770932989707337,26.831602435153183,1
1.0,2024-01-01 10:03:00,2024-01-01 10:09:00,1,6.341348232490496,76.20405943989417,1
1.0,2024-01-01 10:04:00,2024-01-01 10:37:00,5,9.42600443474116,64.90312726284515,1
1.0,2024-01-01 10:05:00,2024-01-01 10:47:00,2,2.363402527187537,76.21194690647242,1
1.0,2024-01-01 10:06:00,2024-01-01 10:13:00,3,18.013855673991966,46.54801938109651,1
1.0,2024-01-01 10:07:00,2024-01-01 10:27:00,2,18.74078407674641,93.60090094262854,1
2.0,2024-01-01 10:08:00,2024-01-01 10:42:00,3,19.60616893992829,65.08485922909036,4
2.0,2024-01-01 10:09:00,2024-01-01 10:53:00,5,17.436780200323835,32.38810143265435,1
1.0,2024-01-01 10:10:00,2024-01-01 10:16:00,1,3.892237310076398,65.65323171195365,1
2.0,2024-01-01 10:11:00,2024-01-01 10:32:00,1,1.4008314224317622,32.247495984667964,1
2.0,2024-01-01 10:12:00,2024-01-01 10:57:00,4,11.802136184547145,32.895077217188046,1
1.0,2024-01-01 10:13:00,2024-01-01 10:29:00,1,18.29579802422065,42.96185860398245,2
2.0,2024-01-01 10:14:00,2024-01-01 10:53:00,1,3.9583515523649857,85.9808896690663,2
2.0,2024-01-01 10:15:00,2024-01-01 11:02:00,2,0.6373368351707662,52.52829806742924,1
1.0,2024-01-01 10:16:00,2024-01-01 10:21:00,1,16.207172897628766,69.4955800118697,1
1.0,2024-01-01 10:17:00,2024-01-01 11:16:00,3,1.997515843591313,42.23693532607399,1
2.0,2024-01-01 10:18:00,2024-01-01 11:07:00,1,8.567267622245593,30.042516781653735,2
2.0,2024-01-01 10:19:00,2024-01-01 10:38:00,5,13.738303075181308,95.69081526804196,1
1.0,2024-01-01 10:20:00,2024-01-01 10:50:00,4,5.117552916395512,62.34021847669095,1
1.0,2024-01-01 10:21:00,2024-01-01 11:02:00,3,2.1372699872111705,93.72537716535824,1
1.0,2024-01-01 10:22:00,2024-01-01 10:47:00,3,15.51541395488866,24.32423520883993,2
1.0,2024-01-01 10:23:00,2024-01-01 11:16:00,5,12.788414155297309,18.95494557172861,3
2.0,2024-01-01 10:24:00,2024-01-01 10:59:00,1,19.77556444749269,86.30317617677085,4
1.0,2024-01-01 10:25:00,2024-01-01 10:54:00,5,7.214006649739206,69.68713519863888,1
1.0,2024-01-01 10:26:00,2024-01-01 10:53:00,4,1.7043665326588942,22.724957429095927,1
2.0,2024-01-01 10:27:00,2024-01-01 10:55:00,3,14.819825689038266,30.58917156303609,1
1.0,2024-01-01 10:28:00,2024-01-01 11:10:00,3,10.67380166763829,81.06307444490456,2
1.0,2024-01-01 10:29:00,2024-01-01 11:01:00,1,4.657476662088134,48.11751889961393,5
2.0,2024-01-01 10:30:00,2024-01-01 10:55:00,2,15.743715285592808,68.70134811807864,1
2.0,2024-01-01 10:31:00,2024-01-01 11:29:00,4,4.473231974073903,35.24344210292104,1
2.0,2024-01-01 10:32:00,2024-01-01 11:19:00,1,5.582902269242263,41.216845513613286,1
2.0,2024-01-01 10:33:00,2024-01-01 10:55:00,4,2.304306810151023,99.11769306919498,1
1.0,2024-01-01 10:34:00,2024-01-01 11:14:00,1,8.288929441101661,28.52362328159826,1
1.0,2024-01-01 10:35:00,2024-01-01 11:14:00,1,8.669119866779669,53.11335581846883,1
2.0,2024-01-01 10:36:00,2024-01-01 11:25:00,1,10.53395491179182,85.21822260310056,1
1.0,2024-01-01 10:37:00,2024-01-01 11:36:00,1,14.32480320891366,27.726205298256502,1
1.0,2024-01-01 10:38:00,2024-01-01 10:51:00,2,18.168968109268302,44.44530688501142,2
1.0,2024-01-01 10:39:00,2024-01-01 11:36:00,1,3.1858149283122685,63.43367230014889,1
1.0,2024-01-01 10:40:00,2024-01-01 11:22:00,6,1.5597879177988123,50.712874390134736,1
1.0,2024-01-01 10:41:00,2024-01-01 11:15:00,3,0.8613590550894991,48.65271532418016,1
1.0,2024-01-01 10:42:00,2024-01-01 11:30:00,1,3.3006168723419167,39.43842447560174,3
1.0,2024-01-01 10:43:00,2024-01-01 11:21:00,3,13.330014972741706,60.73140113861788,2
1.0,2024-01-01 10:44:00,2024-01-01 11:20:00,5,14.685803020931685,64.31540630274299,1
2.0,2024-01-01 10:45:00,2024-01-01 10:52:00,3,15.83686141379838,67.06250638562945,1
2.0,2024-01-01 10:46:00,2024-01-01 10:53:00,1,5.252310132134682,11.684970251072786,1
2.0,2024-01-01 10:47:00,2024-01-01 11:19:00,5,6.464948858599638,64.94824669264464,2
2.0,2024-01-01 10:48:00,2024-01-01 11:36:00,4,9.92112558852724,95.55753198421712,2
1.0,2024-01-01 10:49:00,2024-01-01 11:08:00,1,1.7320703887744169,56.39369237516795,3
2.0,2024-01-01 10:50:00,2024-01-01 11:35:00,1,12.4172597026193,72.95037283837821,1
2.0,2024-01-01 10:51:00,2024-01-01 11:18:00,3,19.68283315667728,57.88956923712569,5
2.0,2024-01-01 10:52:00,2024-01-01 11:36:00,1,7.53572307187105,86.20035876623798,5
2.0,2024-01-01 10:53:00,2024-01-01 11:08:00,4,15.180525764281986,93.31039398676904,3
1.0,2024-01-01 10:54:00,2024-01-01 11:46:00,2,10.250661353607356,22.500890433154133,1
1.0,2024-01-01 10:55:00,2024-01-01 11:31:00,5,2.992330965027463,46.50170347292703,1
1.0,2024-01-01 10:56:00,2024-01-01 11:54:00,3,11.853630251650433,42.27629958860852,1
1.0,2024-01-01 10:57:00,2024-01-01 11:37:00,1,6.347548234659267,43.495436713431474,1
2.0,2024-01-01 10:58:00,2024-01-01 11:35:00,1,1.1708625648424356,16.92479721664821,1
2.0,2024-01-01 10:59:00,2024-01-01 11:27:00,3,12.881129737296003,82.29349396816833,2
1.0,2024-01-01 11:00:00,2024-01-01 11:43:00,4,17.24918081183219,8.397793086418849,2
2.0,2024-01-01 11:01:00,2024-01-01 11:39:00,4,7.223010454547546,55.18152773407991,4
2.0,2024-01-01 11:02:00,2024-01-01 11:34:00,1,8.110763170649024,67.87844686424566,1
1.0,2024-01-01 11:03:00,2024-01-01 11:44:00,1,17.874922817860625,24.70959661559333,1
1.0,2024-01-01 11:04:00,2024-01-01 11:15:00,1,16.36537186066344,91.05576824938558,2
1.0,2024-01-01 11:05:00,2024-01-01 11:13:00,3,14.441580059259657,84.66217466735534,1
1.0,2024-01-01 11:06:00,2024-01-01 11:47:00,1,5.351542743186385,49.7529543009729,1
1.0,2024-01-01 11:07:00,2024-01-01 11:12:00,2,18.24922477184957,44.05914857231318,5
1.0,2024-01-01 11:08:00,2024-01-01 11:13:00,3,3.511107272014653,27.473952895054506,2
1.0,2024-01-01 11:09:00,2024-01-01 12:00:00,5,12.722025128635826,74.34935634127154,1
1.0,2024-01-01 11:10:00,2024-01-01 11:34:00,2,1.061623020657115,17.515660965036595,3
2.0,2024-01-01 11:11:00,2024-01-01 11:34:00,1,13.052536223336444,69.62258661515939,2
1.0,2024-01-01 11:12:00,2024-01-01 11:45:00,3,5.9043148615305165,85.03341368124929,2
2.0,2024-01-01 11:13:00,2024-01-01 11:27:00,3,9.26870105508254,26.704799712117254,3
1.0,2024-01-01 11:14:00,2024-01-01 11:36:00,2,7.232658765112535,87.31060327538184,1
2.0,2024-01-01 11:15:00,2024-01-01 11:47:00,5,3.868756746801093,8.165703946753304,2
1.0,2024-01-01 11:16:00,2024-01-01 11:55:00,4,12.628625406830544,91.7148016117199,1
1.0,2024-01-01 11:17:00,2024-01-01 12:04:00,1,17.698523325241844,16.244411645873313,1
2.0,2024-01-01 11:18:00,2024-01-01 12:09:00,1,19.202142724506867,66.3471219041131,4
2.0,2024-01-01 11:19:00,2024-01-01 11:54:00,2,4.250754081501344,28.757834546824476,1
2.0,2024-01-01 11:20:00,2024-01-01 11:51:00,4,14.48876909422798,84.4724771611133,2
1.0,2024-01-01 11:21:00,2024-01-01 11:36:00,1,13.454617648810803,53.66853428696932,3
1.0,2024-01-01 11:22:00,2024-01-01 12:15:00,3,7.195866896704165,17.847913168417627,4
2.0,2024-01-01 11:23:00,2024-01-01 12:16:00,3,0.8724343873976539,59.24419927596795,3
2.0,2024-01-01 11:24:00,2024-01-01 12:06:00,1,13.950929322600889,43.7488479687134,1
2.0,2024-01-01 11:25:00,2024-01-01 11:34:00,3,18.937149780910254,67.83754257824461,1
2.0,2024-01-01 11:26:00,2024-01-01 11:38:00,5,12.826342377355202,88.78081205252865,1
1.0,2024-01-01 11:27:00,2024-01-01 12:05:00,1,8.988208121658865,43.89196746242475,1
2.0,2024-01-01 11:28:00,2024-01-01 12:20:00,2,10.740500935176753,32.538664555716664,1
1.0,2024-01-01 11:29:00,2024-01-01 12:25:00,2,4.392761749368392,6.378933980122836,1
1.0,2024-01-01 11:30:00,2024-01-01 11:46:00,5,15.135611193197882,59.60970859668812,2
1.0,2024-01-01 11:31:00,2024-01-01 12:13:00,6,15.055186685192057,43.21610290598618,5
2.0,2024-01-01 11:32:00,2024-01-01 11:37:00,2,3.3375873575547863,40.59167580640873,2
1.0,2024-01-01 11:33:00,2024-01-01 12:08:00,4,17.620578458743353,22.37885552200019,2
1.0,2024-01-01 11:34:00,2024-01-01 11:42:00,2,5.7491999197294525,45.855257793171056,1
2.0,2024-01-01 11:35:00,2024-01-01 12:28:00,2,19.65399318826399,98.52198559042,1
1.0,2024-01-01 11:36:00,2024-01-01 12:25:00,1,7.966608773726293,33.28664459886321,1
2.0,2024-01-01 11:37:00,2024-01-01 12:31:00,1,3.968739145322743,61.97191927376952,2
1.0,2024-01-01 11:38:00,2024-01-01 11:47:00,1,7.358542171240219,78.76625372498835,1
1.0,2024-01-01 11:39:00,2024-01-01 12:13:00,3,9.083516409595266,76.16999320177051,2
2.0,2024-01-01 11:40:00,2024-01-01 12:08:00,1,1.851501574246749,36.23355731179612,1
1.0,2024-01-01 11:41:00,2024-01-01 11:48:00,5,11.775258433854145,63.03170793410079,1
1.0,2024-01-01 11:42:00,2024-01-01 11:57:00,1,12.153832577443556,87.77014510066493,1
1.0,2024-01-01 11:43:00,2024-01-01 12:32:00,1,14.909143879314708,6.467505634642405,1
1.0,2024-01-01 11:44:00,2024-01-01 11:52:00,2,1.0688128996694943,46.39476390011423,1
2.0,2024-01-01 11:45:00,2024-01-01 12:15:00,3,11.054145181459688,26.305974732981,2
1.0,2024-01-01 11:46:00,2024-01-01 12:17:00,1,1.5316949487779554,41.9200675878897,2
2.0,2024-01-01 11:47:00,2024-01-01 12:37:00,2,14.172312289349742,44.51901275764796,1
1.0,2024-01-01 11:48:00,2024-01-01 12:46:00,6,1.5866957211691972,75.93374165473051,3
2.0,2024-01-01 11:49:00,2024-01-01 12:36:00,6,18.278693042661835,13.9130778775671,1
2.0,2024-01-01 11:50:00,2024-01-01 12:21:00,2,14.190610054247683,53.69547079758849,5
2.0,2024-01-01 11:51:00,2024-01-01 12:37:00,4,10.394100419160564,58.5985052208808,1
1.0,2024-01-01 11:52:00,2024-01-01 12:47:00,1,9.109326503982912,51.94497233742142,2
1.0,2024-01-01 11:53:00,2024-01-01 12:47:00,2,3.0481162930586163,74.52795904095841,1
1.0,2024-01-01 11:54:00,2024-01-01 12:04:00,2,6.17448809651093,41.4601693111505,1
2.0,2024-01-01 11:55:00,2024-01-01 12:14:00,2,17.444702547907475,94.77187104580725,1
2.0,2024-01-01 11:56:00,2024-01-01 12:53:00,1,18.13682982546863,50.77132704119943,1
2.0,2024-01-01 11:57:00,2024-01-01 12:31:00,1,0.5145803132253557,59.26532141340577,1
1.0,2024-01-01 11:58:00,2024-01-01 12:44:00,2,12.08565963381225,83.4254282179412,1
2.0,2024-01-01 11:59:00,2024-01-01 11:49:00,1,14.526361875989716,31.147430063456635,5
2.0,2024-01-01 12:00:00,2024-01-01 12:41:00,4,12.565566157923325,12.144192732466234,3
1.0,2024-01-01 12:01:00,2024-01-01 12:47:00,2,2.0927554148939027,72.23947794443583,2
1.0,2024-01-01 12:02:00,2024-01-01 12:43:00,2,4.745635526578593,50.886126277095975,2
2.0,2024-01-01 12:03:00,2024-01-01 12:42:00,5,5.381635213937027,90.1679038411045,5
2.0,2024-01-01 12:04:00,2024-01-01 12:31:00,3,16.71863031044925,98.35460462863124,1
2.0,2024-01-01 12:05:00,2024-01-01 12:15:00,1,9.53238900802395,42.91538830459928,1
1.0,2024-01-01 12:06:00,2024-01-01 12:14:00,5,9.99315013285412,44.46670654466778,3
2.0,2024-01-01 12:07:00,2024-01-01 12:29:00,1,18.73041440781292,43.756447209544014,2
1.0,2024-01-01 12:08:00,2024-01-01 12:21:00,1,12.923174832666952,35.83264042443798,1
1.0,2024-01-01 12:09:00,2024-01-01 13:02:00,4,18.024020180276946,79.26027428780776,1
1.0,2024-01-01 12:10:00,2024-01-01 12:43:00,2,9.401922679159894,77.10459743661913,1
2.0,2024-01-01 12:11:00,2024-01-01 12:28:00,2,3.4140070411067374,50.47126270229986,4
2.0,2024-01-01 12:12:00,2024-01-01 13:03:00,1,18.633744084444672,9.242815555995382,1
2.0,2024-01-01 12:13:00,2024-01-01 13:09:00,2,9.444749755516996,34.40813364374198,5
1.0,2024-01-01 12:14:00,2024-01-01 12:35:00,1,4.041812726637026,32.76878942270956,4
2.0,2024-01-01 12:15:00,2024-01-01 13:04:00,5,6.396716935926484,82.05328838902454,2
1.0,2024-01-01 12:16:00,2024-01-01 12:52:00,1,10.128347385114001,13.3196794745366,1
2.0,2024-01-01 12:17:00,2024-01-01 13:09:00,5,9.63186153339951,81.5391610090569,1
1.0,2024-01-01 12:18:00,2024-01-01 12:44:00,3,17.135999352249613,68.57244695891859,1
1.0,2024-01-01 12:19:00,2024-01-01 12:27:00,4,18.704818892130444,74.58193861739268,1
1.0,2024-01-01 12:20:00,2024-01-01 12:29:00,1,18.68574304632105,46.06025282057723,2
1.0,2024-01-01 12:21:00,2024-01-01 13:02:00,3,2.9419854997605617,69.57395062016703,1
2.0,2024-01-01 12:22:00,2024-01-01 13:07:00,2,7.950050708965612,62.857749747157,1
2.0,2024-01-01 12:23:00,2024-01-01 13:16:00,1,1.0504608131887745,78.0531185467198,1
1.0,2024-01-01 12:24:00,2024-01-01 12:41:00,1,17.175724226943718,47.44313427448395,4
2.0,2024-01-01 12:25:00,2024-01-01 13:03:00,5,7.495737359414839,49.91843436514873,1
1.0,2024-01-01 12:26:00,2024-01-01 13:15:00,4,12.80678204389858,66.13974116028291,4
2.0,2024-01-01 12:27:00,2024-01-01 12:53:00,2,14.440519542507127,15.26736189830689,1
2.0,2024-01-01 12:28:00,2024-01-01 13:25:00,1,8.88197105999153,46.44322259461014,1
2.0,2024-01-01 12:29:00,2024-01-01 12:56:00,2,6.475625562729738,97.33533029968152,1
1.0,2024-01-01 12:30:00,2024-01-01 13:25:00,3,19.26315174726092,8.567470405704332,1
2.0,2024-01-01 12:31:00,2024-01-01 12:38:00,2,19.30752038796516,35.02044867230741,2
2.0,2024-01-01 12:32:00,2024-01-01 13:18:00,4,6.144009176585428,10.0,1
1.0,2024-01-01 12:33:00,2024-01-01 13:11:00,6,9.852689386516932,65.1790913273984,1
1.0,2024-01-01 12:34:00,2024-01-01 13:10:00,1,19.47046109387044,15.05103414529329,2
2.0,2024-01-01 12:35:00,2024-01-01 13:24:00,2,0.5949339492823129,64.7116829334918,2
2.0,2024-01-01 12:36:00,2024-01-01 13:31:00,2,8.54722584339341,14.028822861903846,2
2.0,2024-01-01 12:37:00,2024-01-01 13:30:00,2,2.458922218778884,14.020596504741446,1
2.0,2024-01-01 12:38:00,2024-01-01 13:03:00,1,10.428580328470751,74.17741893290581,1
2.0,2024-01-01 12:39:00,2024-01-01 13:29:00,1,0.9810641135394994,35.79284151411565,5
1.0,2024-01-01 12:40:00,2024-01-01 13:28:00,5,8.434519412117243,97.85518003280605,3
1.0,2024-01-01 12:41:00,2024-01-01 13:06:00,2,4.8036319583140346,8.548528961377718,5
1.0,2024-01-01 12:42:00,2024-01-01 13:30:00,2,10.899513067945444,47.28513305320944,1
2.0,2024-01-01 12:43:00,2024-01-01 12:58:00,5,19.921876157463643,15.747914079032244,2
1.0,2024-01-01 12:44:00,2024-01-01 13:27:00,4,16.11045404997158,38.381001842020325,2
2.0,2024-01-01 12:45:00,2024-01-01 12:53:00,1,16.99002078667622,99.8311328078598,1
2.0,2024-01-01 12:46:00,2024-01-01 13:41:00,3,12.887667253502077,89.44003861516052,3
2.0,2024-01-01 12:47:00,2024-01-01 12:52:00,2,1.310417041309042,9.590818841262706,2
1.0,2024-01-01 12:48:00,2024-01-01 13:20:00,4,4.532554682860811,58.50930516343992,1
2.0,2024-01-01 12:49:00,2024-01-01 13:17:00,3,18.53875885071757,66.5431189583214,1
1.0,2024-01-01 12:50:00,2024-01-01 13:29:00,3,7.639205799610649,24.905789275261935,3
2.0,2024-01-01 12:51:00,2024-01-01 13:08:00,2,2.520916166375514,18.78502947266277,1
1.0,2024-01-01 12:52:00,2024-01-01 13:43:00,4,14.196904634390938,90.91620779322471,1
1.0,2024-01-01 12:53:00,2024-01-01 13:31:00,1,6.339425616717965,97.03756194092078,1
2.0,2024-01-01 12:54:00,2024-01-01 13:09:00,1,5.742709801631348,99.22982144536596,1
1.0,2024-01-01 12:55:00,2024-01-01 13:35:00,2,19.96056038338608,80.02736850479027,4
1.0,2024-01-01 12:56:00,2024-01-01 13:51:00,1,10.128347385114001,68.03269659349942,1
2.0,2024-01-01 12:57:00,2024-01-01 13:18:00,1,8.4547874581729,37.8443739583348,1
2.0,2024-01-01 12:58:00,2024-01-01 13:37:00,4,19.615093552421733,21.282839670851484,4
2.0,2024-01-01 12:59:00,2024-01-01 13:21:00,5,13.177207856674666,12.50315693979201,1
2.0,2024-01-01 13:00:00,2024-01-01 13:44:00,2,14.969437811655324,70.86325951239174,1
2.0,2024-01-01 13:01:00,2024-01-01 13:27:00,1,1.114504340103126,79.54872444203903,2
1.0,2024-01-01 13:02:00,2024-01-01 13:30:00,1,2.8713025572871134,83.51309698322311,1
1.0,2024-01-01 13:03:00,2024-01-01 13:26:00,1,12.845159966676649,91.80767531386088,1
1.0,2024-01-01 13:04:00,2024-01-01 13:45:00,1,18.03096766166493,88.5933085456455,2
2.0,2024-01-01 13:05:00,2024-01-01 13:48:00,5,12.663002658708114,99.9754208645188,3
2.0,2024-01-01 13:06:00,2024-01-01 12:56:00,1,3.11348543922034,28.186081041888876,2
1.0,2024-01-01 13:07:00,2024-01-01 13:19:00,2,2.7573209018033302,77.51422344516,1
1.0,2024-01-01 13:08:00,2024-01-01 13:40:00,1,16.96162496856959,60.71365367560578,2
2.0,2024-01-01 13:09:00,2024-01-01 13:18:00,5,3.216395604804329,29.818287583090328,2
1.0,2024-01-01 13:10:00,2024-01-01 13:31:00,3,10.644523229828495,98.28100561725957,3
2.0,2024-01-01 13:11:00,2024-01-01 13:52:00,5,1.2237097392648943,90.30031995355397,1
2.0,2024-01-01 13:12:00,2024-01-01 13:52:00,4,2.073060464127958,17.208988502191062,1
2.0,2024-01-01 13:13:00,2024-01-01 14:11:00,2,13.610791219035864,7.485042520724885,2
1.0,2024-01-01 13:14:00,2024-01-01 13:37:00,1,13.939037503336577,70.3914224216043,1
2.0,2024-01-01 13:15:00,2024-01-01 13:46:00,3,7.158653428864627,62.392409741370834,1
2.0,2024-01-01 13:16:00,2024-01-01 14:13:00,2,4.704390422239372,93.90248429055886,1
2.0,2024-01-01 13:17:00,2024-01-01 13:55:00,3,16.367350279767507,27.230502280235136,1
2.0,2024-01-01 13:18:00,2024-01-01 13:33:00,1,4.733512974662862,13.01685505002377,1
2.0,2024-01-01 13:19:00,2024-01-01 14:17:00,1,11.069527858494403,29.625456708338717,3
2.0,2024-01-01 13:20:00,2024-01-01 14:09:00,2,19.38007239682665,6.798125848589027,4
1.0,2024-01-01 13:21:00,2024-01-01 14:12:00,3,3.383122538316484,8.409811362948581,2
2.0,2024-01-01 13:22:00,2024-01-01 13:38:00,4,18.84708721614682,91.91149156247216,3
2.0,2024-01-01 13:23:00,2024-01-01 14:21:00,1,4.066414534839039,38.44157533767844,1
1.0,2024-01-01 13:24:00,2024-01-01 13:49:00,2,11.565142556452976,44.02685509591967,1
2.0,2024-01-01 13:25:00,2024-01-01 14:23:00,1,7.85165038319552,6.74530718111992,1
2.0,2024-01-01 13:26:00,2024-01-01 13:41:00,1,19.316107729285605,30.699569116325424,2
2.0,2024-01-01 13:27:00,2024-01-01 14:10:00,2,5.83406956553777,81.44896845543595,1
2.0,2024-01-01 13:28:00,2024-01-01 14:00:00,1,8.293331040672197,63.47164116833832,1
1.0,2024-01-01 13:29:00,2024-01-01 13:38:00,1,19.6657722981807,76.60915710320945,2
2.0,2024-01-01 13:30:00,2024-01-01 13:51:00,2,10.961172628175229,47.48530537540958,1
1.0,2024-01-01 13:32:00,2024-01-01 14:17:00,1,5.52668051997783,50.86695886619518,2
2.0,2024-01-01 13:33:00,2024-01-01 14:23:00,1,14.176589426053608,35.69175149854636,1
2.0,2024-01-01 13:34:00,2024-01-01 13:50:00,1,0.780272559666664,84.70225418403646,1
2.0,2024-01-01 13:35:00,2024-01-01 13:45:00,1,1.465496279194724,33.279002981320346,2
2.0,2024-01-01 13:36:00,2024-01-01 13:57:00,3,12.187492449148152,67.67754584304296,1
1.0,2024-01-01 13:37:00,2024-01-01 14:32:00,1,7.162654189459856,18.013311119405145,1
1.0,2024-01-01 13:38:00,2024-01-01 14:01:00,1,19.08966925791873,70.25231690481644,1
1.0,2024-01-01 13:39:00,2024-01-01 14:09:00,2,18.11221846909432,91.7634726020032,4
2.0,2024-01-01 13:40:00,2024-01-01 14:32:00,3,14.41727204419579,62.81539969079129,1
1.0,2024-01-01 13:41:00,2024-01-01 14:29:00,5,16.453838831992126,58.186261103275335,4
1.0,2024-01-01 13:42:00,2024-01-01 14:30:00,4,13.51297106852002,96.30623546205582,3
1.0,2024-01-01 13:43:00,2024-01-01 14:39:00,3,2.948851002848133,64.60267275500541,1
2.0,2024-01-01 13:44:00,2024-01-01 14:20:00,2,15.428095708939452,29.657291160942844,2
2.0,2024-01-01 13:45:00,2024-01-01 13:55:00,3,4.598743390017504,32.77714726553533,1
1.0,2024-01-01 13:46:00,2024-01-01 14:45:00,3,6.807135674453837,72.00413104091308,1
1.0,2024-01-01 13:47:00,2024-01-01 14:27:00,1,16.475067135997193,74.8664764197577,2
2.0,2024-01-01 13:48:00,2024-01-01 14:30:00,1,10.96224936367224,33.83214201995644,2
1.0,2024-01-01 13:49:00,2024-01-01 14:04:00,1,17.26884392657648,37.80767790300137,1
1.0,2024-01-01 13:50:00,2024-01-01 14:27:00,5,4.654188736943651,99.15036833021328,4
1.0,2024-01-01 13:51:00,2024-01-01 14:19:00,2,12.3516795528343,14.685492210126355,2
1.0,2024-01-01 13:52:00,2024-01-01 14:19:00,3,2.133923964691101,43.44127770180943,4
1.0,2024-01-01 13:53:00,2024-01-01 14:12:00,2,13.039689374030578,10.932515463763208,1
1.0,2024-01-01 13:54:00,2024-01-01 14:25:00,2,15.369413736622928,83.0024443898329,4
1.0,2024-01-01 13:55:00,2024-01-01 14:10:00,1,11.906152432585072,13.772854699816063,1
2.0,2024-01-01 13:56:00,2024-01-01 14:51:00,1,5.6915142792268,69.03069886395755,1
1.0,2024-01-01 13:57:00,2024-01-01 14:51:00,4,1.111182042747901,10.365925280330796,2
2.0,2024-01-01 13:58:00,2024-01-01 14:19:00,3,2.8292532373035724,68.92122859192065,2
2.0,2024-01-01 13:59:00,2024-01-01 14:54:00,2,12.634908091943512,85.08850995813181,1
1.0,2024-01-01 14:00:00,2024-01-01 14:57:00,4,18.721194228429017,42.88804505778545,1
2.0,2024-01-01 14:01:00,2024-01-01 14:19:00,1,4.527420877454125,54.6020168760568,1
1.0,2024-01-01 14:02:00,2024-01-01 14:33:00,6,14.833009907549426,43.14646511050184,2
2.0,2024-01-01 14:03:00,2024-01-01 14:25:00,2,17.39579573335631,33.54643207010069,1
1.0,2024-01-01 14:04:00,2024-01-01 14:36:00,2,10.657202479726466,81.31002305957718,1
1.0,2024-01-01 14:05:00,2024-01-01 15:00:00,2,13.550683018951329,30.84024450444402,1
1.0,2024-01-01 14:06:00,2024-01-01 14:57:00,1,16.39279867518489,73.67962531699747,5
2.0,2024-01-01 14:07:00,2024-01-01 14:58:00,1,5.583165575941575,24.58872252924421,2
2.0,2024-01-01 14:08:00,2024-01-01 14:16:00,3,6.289465648226838,28.73611062744131,2
2.0,2024-01-01 14:09:00,2024-01-01 14:20:00,5,0.5122365742548953,36.96381044483516,4
1.0,2024-01-01 14:10:00,2024-01-01 14:59:00,4,19.28033555250715,60.96985585240988,1
2.0,2024-01-01 14:11:00,2024-01-01 14:50:00,1,18.392125444628725,48.17012032015641,1
2.0,2024-01-01 14:13:00,2024-01-01 14:26:00,1,2.041982409044638,25.28889353193827,2
1.0,2024-01-01 14:14:00,2024-01-01 14:26:00,1,9.226306349140408,6.013867345639241,1
1.0,2024-01-01 14:15:00,2024-01-01 15:11:00,3,2.48688920244528,78.77295981959591,1
1.0,2024-01-01 14:16:00,2024-01-01 15:05:00,2,0.8104452116245728,83.05668671860688,1
1.0,2024-01-01 14:17:00,2024-01-01 14:38:00,1,12.515567821645648,10.650615495297007,1
2.0,2024-01-01 14:18:00,2024-01-01 14:39:00,1,19.236173633063675,63.03621460504767,1
2.0,2024-01-01 14:19:00,2024-01-01 15:12:00,6,18.105926456926927,40.9296444679424,5
2.0,2024-01-01 14:20:00,2024-01-01 14:57:00,1,14.086718891240386,80.42008724347909,2
1.0,2024-01-01 14:21:00,2024-01-01 14:57:00,2,2.3844913912149925,88.06938264866545,4
2.0,2024-01-01 14:22:00,2024-01-01 14:34:00,2,5.846198734609852,85.84535784573866,5
1.0,2024-01-01 14:23:00,2024-01-01 14:46:00,1,6.741106174263174,78.83440349833096,1
1.0,2024-01-01 14:24:00,2024-01-01 15:06:00,1,15.381426126038445,30.55996173050548,1
2.0,2024-01-01 14:25:00,2024-01-01 14:32:00,2,16.143858995084724,82.12951613899008,2
1.0,2024-01-01 14:26:00,2024-01-01 14:35:00,4,8.009569398303448,55.68045521109781,3
1.0,2024-01-01 14:27:00,2024-01-01 14:44:00,2,8.648737934043389,10.011878409048627,1
2.0,2024-01-01 14:28:00,2024-01-01 15:19:00,3,1.367926265885341,48.40919074033365,5
2.0,2024-01-01 14:29:00,2024-01-01 15:19:00,6,6.13816600916584,94.50500211784936,1
1.0,2024-01-01 14:30:00,2024-01-01 15:05:00,4,9.300060954963978,89.34663822487751,1
1.0,2024-01-01 14:31:00,2024-01-01 15:30:00,2,2.781169404512523,14.715106694726025,2
2.0,2024-01-01 14:32:00,2024-01-01 14:52:00,2,9.338715484722917,75.69203514286517,1
1.0,2024-01-01 14:34:00,2024-01-01 15:10:00,3,11.83575988463854,30.781877882492655,1
1.0,2024-01-01 14:35:00,2024-01-01 15:01:00,2,2.0391321732490404,49.80281422040377,1
2.0,2024-01-01 14:36:00,2024-01-01 15:09:00,3,4.237590717190349,72.54385443904988,2
2.0,2024-01-01 14:37:00,2024-01-01 15:03:00,1,9.753614828091846,46.70894143800905,3
1.0,2024-01-01 14:38:00,2024-01-01 15:25:00,2,7.548999421525336,15.71570729232481,3
1.0,2024-01-01 14:39:00,2024-01-01 14:46:00,1,7.495176881148926,72.05883224476355,2
1.0,2024-01-01 14:40:00,2024-01-01 15:38:00,1,10.820715238800007,91.60567552485384,1
2.0,2024-01-01 14:41:00,2024-01-01 14:55:00,1,11.89572047099442,66.98604919858496,1
1.0,2024-01-01 14:42:00,2024-01-01 15:28:00,3,16.03880062038573,78.51107111405823,1
1.0,2024-01-01 14:43:00,2024-01-01 15:08:00,2,7.148847987518451,39.04444088749371,1
2.0,2024-01-01 14:44:00,2024-01-01 15:04:00,1,16.20659251929144,22.40383328703031,1
1.0,2024-01-01 14:45:00,2024-01-01 15:01:00,2,7.102918967696335,66.0634978537378,3
2.0,2024-01-01 14:46:00,2024-01-01 14:52:00,2,1.5809432843540596,36.13826455491579,4
1.0,2024-01-01 14:47:00,2024-01-01 15:32:00,1,11.306659194593427,86.70698430403031,1
1.0,2024-01-01 14:48:00,2024-01-01 15:16:00,3,11.964095335448883,16.649664747910627,2
1.0,2024-01-01 14:49:00,2024-01-01 15:28:00,4,18.72353478962627,46.17905147464676,1
2.0,2024-01-01 14:50:00,2024-01-01 15:24:00,4,14.658195858218251,42.689122044496656,2
2.0,2024-01-01 14:51:00,2024-01-01 15:25:00,3,18.39656672364157,94.11511608762332,2
2.0,2024-01-01 14:52:00,2024-01-01 15:43:00,2,18.21277059973869,19.54780605741837,1
1.0,2024-01-01 14:53:00,2024-01-01 15:32:00,1,12.289195150035722,5.93544837614104,1
2.0,2024-01-01 14:54:00,2024-01-01 15:17:00,1,10.791360274060729,27.61809521667617,3
1.0,2024-01-01 14:55:00,2024-01-01 15:49:00,1,11.3700988596902,82.92630167802217,2
1.0,2024-01-01 14:56:00,2024-01-01 15:08:00,6,19.577450749706333,24.88557252446662,3
2.0,2024-01-01 14:57:00,2024-01-01 15:27:00,1,15.576769989065696,27.883416052020856,3
1.0,2024-01-01 14:58:00,2024-01-01 15:51:00,1,2.5721851434517187,17.340386430997025,5
1.0,2024-01-01 14:59:00,2024-01-01 15:43:00,5,15.679353932237298,72.96643931127134,1
1.0,2024-01-01 15:00:00,2024-01-01 15:11:00,5,3.825491953515405,11.571548098014633,1
1.0,2024-01-01 15:01:00,2024-01-01 15:35:00,4,9.2233357056097,36.46478872120955,1
1.0,2024-01-01 15:02:00,2024-01-01 15:13:00,1,4.603963607442418,31.83737902899163,1
2.0,2024-01-01 15:03:00,2024-01-01 15:10:00,1,10.128347385114001,57.74017433006471,1
1.0,2024-01-01 15:04:00,2024-01-01 15:09:00,2,17.607539855764195,74.38954517687488,2
2.0,2024-01-01 15:05:00,2024-01-01 15:45:00,1,6.162056764650279,55.62326129619101,1
2.0,2024-01-01 15:06:00,2024-01-01 15:35:00,1,2.099209453559659,93.44746933263144,1
1.0,2024-01-01 15:07:00,2024-01-01 15:48:00,2,6.320615412461784,95.38705069429652,4
2.0,2024-01-01 15:08:00,2024-01-01 15:13:00,5,13.611056229677793,39.33920620735896,1
1.0,2024-01-01 15:09:00,2024-01-01 15:28:00,2,6.910822487311774,78.87963574611481,1
2.0,2024-01-01 15:10:00,2024-01-01 15:51:00,3,5.923187267299166,75.18613141047801,2
1.0,2024-01-01 15:11:00,2024-01-01 15:28:00,3,4.096486216393166,89.8316362119586,2
2.0,2024-01-01 15:12:00,2024-01-01 15:56:00,1,10.201570324051454,47.55464581973181,1
1.0,2024-01-01 15:13:00,2024-01-01 15:25:00,3,5.881002149065158,55.39495278379026,1
2.0,2024-01-01 15:14:00,2024-01-01 15:23:00,1,14.754701808219922,44.49855979024953,2
1.0,2024-01-01 15:15:00,2024-01-01 15:28:00,1,1.994136838847953,85.78580733347204,1
1.0,2024-01-01 15:16:00,2024-01-01 15:21:00,3,13.448644145670691,26.821719959402763,1
2.0,2024-01-01 15:17:00,2024-01-01 15:57:00,1,5.132420284071513,27.77236243303225,2
2.0,2024-01-01 15:18:00,2024-01-01 15:57:00,6,10.04094559050626,40.397484839822575,1
1.0,2024-01-01 15:19:00,2024-01-01 15:25:00,1,6.078753479609582,26.88256904972336,1
2.0,2024-01-01 15:20:00,2024-01-01 16:04:00,3,14.593989182210516,58.29564945941748,1
1.0,2024-01-01 15:21:00,2024-01-01 15:48:00,2,18.93348728490692,17.77656011707272,5
2.0,2024-01-01 15:22:00,2024-01-01 15:35:00,1,18.38299719966136,35.41769084338526,5
2.0,2024-01-01 15:23:00,2024-01-01 16:01:00,1,11.876811195309775,91.77724635518103,1
1.0,2024-01-01 15:24:00,2024-01-01 16:14:00,3,9.520900913511078,43.87642061822061,1
1.0,2024-01-01 15:25:00,2024-01-01 15:43:00,4,16.456859934067946,76.08220306688338,1
1.0,2024-01-01 15:26:00,2024-01-01 15:34:00,4,13.824864071240734,15.77890821212453,1
2.0,2024-01-01 15:27:00,2024-01-01 16:01:00,2,4.079500227230191,28.51862827346954,1
2.0,2024-01-01 15:28:00,2024-01-01 16:03:00,4,16.507924665453505,81.69783401403501,2
2.0,2024-01-01 15:29:00,2024-01-01 16:11:00,3,8.863245593196849,77.48432894752094,1
1.0,2024-01-01 15:30:00,2024-01-01 15:45:00,3,4.185220369437914,41.68481226641301,1
2.0,2024-01-01 15:31:00,2024-01-01 16:10:00,2,5.995048332731603,95.66770569318004,1
2.0,2024-01-01 15:32:00,2024-01-01 15:44:00,3,5.716777089842676,91.51108650428182,1
2.0,2024-01-01 15:33:00,2024-01-01 15:40:00,4,10.624536004767473,96.41857116566278,1
1.0,2024-01-01 15:34:00,2024-01-01 15:52:00,2,5.070216768218573,45.65189556783961,1
1.0,2024-01-01 15:35:00,2024-01-01 15:52:00,4,2.909546504330735,23.759990450139888,2
1.0,2024-01-01 15:36:00,2024-01-01 16:25:00,3,2.9119715869683342,64.53257071367739,2
2.0,2024-01-01 15:37:00,2024-01-01 16:13:00,1,11.873885844212383,70.05345003652386,1
1.0,2024-01-01 15:38:00,2024-01-01 16:16:00,1,14.827806132562882,16.916969522799402,1
2.0,2024-01-01 15:39:00,2024-01-01 16:28:00,2,6.769893672347646,79.71588825811106,1
1.0,2024-01-01 15:40:00,2024-01-01 16:03:00,2,1.175688841373333,6.71572087719625,1
2.0,2024-01-01 15:41:00,2024-01-01 16:23:00,4,2.980885295271709,50.85919681029442,2
2.0,2024-01-01 15:42:00,2024-01-01 16:02:00,1,18.336543926572613,36.44654465201501,1
2.0,2024-01-01 15:43:00,2024-01-01 15:49:00,4,10.124101361994336,75.32879069041299,2
1.0,2024-01-01 15:44:00,2024-01-01 16:28:00,5,9.344669787495908,34.712269105072515,2
1.0,2024-01-01 15:45:00,2024-01-01 16:06:00,1,1.2419589770467727,83.54667571419812,4
1.0,2024-01-01 15:46:00,2024-01-01 16:45:00,5,14.708421935179532,61.52058143417701,5
2.0,2024-01-01 15:47:00,2024-01-01 16:25:00,6,10.79732757817554,80.41986936739684,1
2.0,2024-01-01 15:48:00,2024-01-01 16:34:00,3,4.440578253687155,98.98736059476424,5
2.0,2024-01-01 15:49:00,2024-01-01 16:09:00,4,2.646438323530615,69.5200428456379,2
2.0,2024-01-01 15:50:00,2024-01-01 16:32:00,6,7.976063340823971,98.5702800543562,2
2.0,2024-01-01 15:51:00,2024-01-01 15:57:00,3,16.824658301803,7.739451057562007,1
1.0,2024-01-01 15:52:00,2024-01-01 15:58:00,2,17.37324390441998,37.1232989059618,3
2.0,2024-01-01 15:53:00,2024-01-01 16:23:00,4,12.25550441771491,15.24606013341937,1
1.0,2024-01-01 15:55:00,2024-01-01 16:46:00,3,2.745537854355972,84.69435041694857,1
2.0,2024-01-01 15:56:00,2024-01-01 16:31:00,1,11.968458276623169,8.07071020597858,2
1.0,2024-01-01 15:57:00,2024-01-01 16:35:00,4,13.505831218000043,54.4173788945774,1
1.0,2024-01-01 15:58:00,2024-01-01 16:41:00,1,4.413900436818948,58.87722721557543,1
2.0,2024-01-01 15:59:00,2024-01-01 16:06:00,5,17.663017291750048,58.30935893383583,1
1.0,2024-01-01 16:00:00,2024-01-01 16:12:00,2,4.302436381659885,50.153222013209295,1
2.0,2024-01-01 16:01:00,2024-01-01 16:28:00,1,6.612808517005783,80.10728165312676,1
1.0,2024-01-01 16:02:00,2024-01-01 16:20:00,2,12.600858516957445,17.68659350302736,1
1.0,2024-01-01 16:03:00,2024-01-01 17:02:00,1,12.94782627004925,34.504816477324795,2
1.0,2024-01-01 16:04:00,2024-01-01 16:35:00,3,14.138002449253662,63.49397507729141,3
1.0,2024-01-01 16:05:00,2024-01-01 17:03:00,5,2.6842284048300105,70.6403797954558,2
2.0,2024-01-01 16:06:00,2024-01-01 16:39:00,4,17.064556383606828,43.39410101882034,1
1.0,2024-01-01 16:07:00,2024-01-01 16:50:00,1,10.890519079523568,88.16027001608715,1
2.0,2024-01-01 16:08:00,2024-01-01 17:05:00,1,9.690774985048831,44.471872686111865,1
1.0,2024-01-01 16:09:00,2024-01-01 16:52:00,4,19.63140367801344,43.263732763091646,4
2.0,2024-01-01 16:10:00,2024-01-01 16:15:00,5,14.937376790349886,8.439689841301572,3
2.0,2024-01-01 16:11:00,2024-01-01 16:32:00,2,2.80111751907781,57.35842693849971,1
2.0,2024-01-01 16:12:00,2024-01-01 16:57:00,2,15.252513760911691,72.32467965863098,1
1.0,2024-01-01 16:13:00,2024-01-01 16:47:00,2,2.357354212470955,15.87162553410057,3
1.0,2024-01-01 16:14:00,2024-01-01 17:11:00,5,1.035675969003205,34.01611277834773,3
1.0,2024-01-01 16:15:00,2024-01-01 16:32:00,3,8.370704957762994,79.21941060937095,3
2.0,2024-01-01 16:16:00,2024-01-01 16:41:00,1,19.87477436997477,39.76234636428966,3
1.0,2024-01-01 16:17:00,2024-01-01 16:40:00,1,3.9102367557998217,27.95223389380379,1
1.0,2024-01-01 16:18:00,2024-01-01 17:15:00,5,13.616564698772406,68.85906303868566,1
2.0,2024-01-01 16:19:00,2024-01-01 16:42:00,1,3.881223291019328,23.692083878807285,1
1.0,2024-01-01 16:20:00,2024-01-01 16:49:00,2,14.633346011688529,90.0870273604018,1
2.0,2024-01-01 16:21:00,2024-01-01 16:47:00,3,10.35439653063761,15.031847622483392,1
1.0,2024-01-01 16:22:00,2024-01-01 16:57:00,1,13.759448346742838,72.12223121686856,1
1.0,2024-01-01 16:23:00,2024-01-01 16:44:00,1,4.456026930327575,52.45712662220564,1
2.0,2024-01-01 16:24:00,2024-01-01 17:23:00,4,15.039752484149789,87.64330842771439,1
1.0,2024-01-01 16:25:00,2024-01-01 16:52:00,5,19.914571662642786,16.988533647492478,1
2.0,2024-01-01 16:26:00,2024-01-01 17:02:00,4,13.480184762206216,69.40001725712834,1
1.0,2024-01-01 16:27:00,2024-01-01 16:41:00,5,10.122859962421115,59.34519072223124,1
1.0,2024-01-01 16:28:00,2024-01-01 16:42:00,3,18.501892778075664,50.60856351280441,3
2.0,2024-01-01 16:29:00,2024-01-01 17:09:00,4,0.8091109235215879,51.6836900261035,3
2.0,2024-01-01 16:30:00,2024-01-01 16:42:00,2,14.733508626073512,73.58781137086042,1
2.0,2024-01-01 16:31:00,2024-01-01 17:29:00,3,17.83055707786935,94.0854572188081,1
2.0,2024-01-01 16:32:00,2024-01-01 17:28:00,6,1.7026543806086705,13.668907616309568,1
2.0,2024-01-01 16:33:00,2024-01-01 16:57:00,1,9.276251323107283,6.852751522999422,2
1.0,2024-01-01 16:34:00,2024-01-01 17:10:00,2,4.4920293520249786,81.54195528571434,1
2.0,2024-01-01 16:35:00,2024-01-01 17:29:00,2,11.547104228962686,15.276091817322136,1
2.0,2024-01-01 16:36:00,2024-01-01 16:54:00,1,13.16608769277138,98.73619562764026,3
1.0,2024-01-01 16:37:00,2024-01-01 17:31:00,1,6.401152067110723,63.83808365108953,1
2.0,2024-01-01 16:38:00,2024-01-01 17:10:00,4,9.469642558722969,66.83230754914337,1
1.0,2024-01-01 16:39:00,2024-01-01 17:29:00,6,5.94711996289291,23.894711779111653,1
1.0,2024-01-01 16:40:00,2024-01-01 17:36:00,2,7.703127706874719,27.829669478184076,1
2.0,2024-01-01 16:41:00,2024-01-01 17:38:00,1,3.61102915542426,67.63827879442877,1
2.0,2024-01-01 16:42:00,2024-01-01 17:10:00,1,17.768409149919812,91.42404960374871,3
2.0,2024-01-01 16:43:00,2024-01-01 17:02:00,5,0.6952030059031604,98.32710267916885,1
2.0,2024-01-01 16:44:00,2024-01-01 17:10:00,2,17.706979135653874,23.8129399299539,2
2.0,2024-01-01 16:45:00,2024-01-01 17:19:00,2,11.6477381278199,17.741364157430066,1
2.0,2024-01-01 16:46:00,2024-01-01 16:54:00,2,6.967327961451841,10.358128987275094,1
2.0,2024-01-01 16:47:00,2024-01-01 17:04:00,2,14.59961394647643,87.48821672532615,1
1.0,2024-01-01 16:48:00,2024-01-01 17:15:00,2,10.401166961321954,32.99791045136453,1
1.0,2024-01-01 16:49:00,2024-01-01 17:01:00,5,10.232618833098329,5.172143217578908,1
1.0,2024-01-01 16:50:00,2024-01-01 17:12:00,3,2.6477745169198457,26.26271817536074,1
2.0,2024-01-01 16:51:00,2024-01-01 17:07:00,3,8.095562505935469,37.34190260944475,3
2.0,2024-01-01 16:52:00,2024-01-01 17:51:00,2,5.200754744206365,99.1436861021851,1
1.0,2024-01-01 16:53:00,2024-01-01 17:28:00,3,0.8060701591274531,54.73645141642276,1
2.0,2024-01-01 16:54:00,2024-01-01 17:12:00,3,7.521942800251208,24.447825021534623,1
2.0,2024-01-01 16:55:00,2024-01-01 17:33:00,1,2.2515315237992928,36.80774274777785,1
1.0,2024-01-01 16:56:00,2024-01-01 17:18:00,3,5.508185735641112,36.37923031790345,1
2.0,2024-01-01 16:57:00,2024-01-01 17:35:00,1,2.304074113070341,6.873945914001672,1
2.0,2024-01-01 16:58:00,2024-01-01 17:13:00,4,2.468361698349778,17.842390146285858,1
1.0,2024-01-01 16:59:00,2024-01-01 17:44:00,2,4.380720241096172,71.04366367180506,1
2.0,2024-01-01 17:00:00,2024-01-01 17:16:00,6,19.997060267484805,16.42384372421979,2
1.0,2024-01-01 17:01:00,2024-01-01 17:54:00,1,0.542590785716351,26.91975627758129,1
2.0,2024-01-01 17:02:00,2024-01-01 17:21:00,4,12.954116404347902,38.320043348409335,1
2.0,2024-01-01 17:03:00,2024-01-01 17:38:00,3,3.254252111517868,76.9848197277179,2
2.0,2024-01-01 17:04:00,2024-01-01 17:57:00,4,18.45224866586013,60.32809166245429,5
1.0,2024-01-01 17:05:00,2024-01-01 17:38:00,2,2.32584142000577,70.45499857391398,2
2.0,2024-01-01 17:06:00,2024-01-01 17:36:00,2,19.12373214896161,58.86617091491636,1
2.0,2024-01-01 17:07:00,2024-01-01 17:29:00,4,12.41306455592782,69.94128039607756,2
1.0,2024-01-01 17:08:00,2024-01-01 17:44:00,1,0.5247274998520598,5.270004598077382,1
2.0,2024-01-01 17:09:00,2024-01-01 17:35:00,1,17.933140359377717,93.4353237152858,1
2.0,2024-01-01 17:10:00,2024-01-01 17:52:00,3,10.673380126654909,15.537421933106618,3
2.0,2024-01-01 17:11:00,2024-01-01 17:32:00,2,5.622059838944448,43.59366411780596,1
1.0,2024-01-01 17:12:00,2024-01-01 17:39:00,1,15.461943961554788,78.24864517326121,5
1.0,2024-01-01 17:13:00,2024-01-01 17:41:00,1,18.569978300793966,46.34691821089528,2
1.0,2024-01-01 17:14:00,2024-01-01 18:08:00,1,9.93197105136248,94.950042408414,2
2.0,2024-01-01 17:15:00,2024-01-01 17:27:00,4,6.653292751640662,49.42095010738284,2
1.0,2024-01-01 17:16:00,2024-01-01 18:01:00,3,15.884429916731072,88.11924353225378,1
2.0,2024-01-01 17:17:00,2024-01-01 17:27:00,4,13.794817206874866,82.02867076941574,1
1.0,2024-01-01 17:18:00,2024-01-01 17:27:00,6,17.83067343313031,98.1936987658749,3
1.0,2024-01-01 17:19:00,2024-01-01 18:07:00,2,14.004023248843264,93.02203917134268,2
2.0,2024-01-01 17:20:00,2024-01-01 17:53:00,1,5.248802608540958,90.32176429772348,3
2.0,2024-01-01 17:21:00,2024-01-01 17:53:00,1,18.66735537030087,74.50241234934948,3
1.0,2024-01-01 17:22:00,2024-01-01 17:37:00,1,2.544297070516831,39.86482399048097,5
2.0,2024-01-01 17:23:00,2024-01-01 17:28:00,5,5.724883627083534,15.081914763665733,2
2.0,2024-01-01 17:24:00,2024-01-01 18:11:00,2,10.64379485061577,70.42127996511705,1
2.0,2024-01-01 17:25:00,2024-01-01 17:48:00,1,11.531969508382575,97.97213772710668,1
1.0,2024-01-01 17:26:00,2024-01-01 17:39:00,2,0.7985564392246559,74.02742154652755,2
1.0,2024-01-01 17:27:00,2024-01-01 17:58:00,3,15.721168153508328,93.22929008134687,1
2.0,2024-01-01 17:28:00,2024-01-01 18:06:00,1,7.551342709295095,81.40894773077409,1
1.0,2024-01-01 17:29:00,2024-01-01 18:17:00,1,8.425161549541688,20.49589413608448,1
2.0,2024-01-01 17:30:00,2024-01-01 17:38:00,6,16.282706116520444,28.674358206172293,3
2.0,2024-01-01 17:31:00,2024-01-01 18:11:00,2,7.896026138687119,37.47723216742329,3
2.0,2024-01-01 17:32:00,2024-01-01 17:54:00,1,1.420885091647719,20.98474221211039,2
2.0,2024-01-01 17:33:00,2024-01-01 17:52:00,5,3.940575524171831,60.25687660393564,1
2.0,2024-01-01 17:34:00,2024-01-01 18:29:00,1,19.140111861569554,97.66779979282038,2
1.0,2024-01-01 17:35:00,2024-01-01 17:52:00,5,1.872904566849026,77.33858917643506,2
2.0,2024-01-01 17:36:00,2024-01-01 17:59:00,6,7.421158418876316,45.22174116140888,1
1.0,2024-01-01 17:37:00,2024-01-01 18:30:00,3,10.128347385114001,5.427925693127423,1
1.0,2024-01-01 17:38:00,2024-01-01 17:48:00,4,10.11897613310192,34.76122105812698,1
2.0,2024-01-01 17:39:00,2024-01-01 18:31:00,2,0.5772188887367837,55.042132330760445,1
2.0,2024-01-01 17:40:00,2024-01-01 17:56:00,5,10.272673263421062,35.80383301593721,2
2.0,2024-01-01 17:41:00,2024-01-01 18:36:00,2,7.98356293055948,15.548317687266657,1
2.0,2024-01-01 17:42:00,2024-01-01 18:23:00,3,19.455547041753864,47.06267090187998,5
1.0,2024-01-01 17:43:00,2024-01-01 18:04:00,5,3.603602137879682,29.05901761174304,1
1.0,2024-01-01 17:44:00,2024-01-01 18:11:00,6,7.406006836810152,91.37707576384264,1
2.0,2024-01-01 17:45:00,2024-01-01 18:15:00,4,8.679888959251485,14.666680207596496,1
1.0,2024-01-01 17:46:00,2024-01-01 18:19:00,2,8.118523973468502,9.669499728847486,1
1.0,2024-01-01 17:47:00,2024-01-01 18:24:00,6,13.48370113921132,5.504846069711895,1
1.0,2024-01-01 17:49:00,2024-01-01 18:18:00,5,4.810895279872841,67.73674962908441,1
1.0,2024-01-01 17:50:00,2024-01-01 18:49:00,3,14.719613495766636,74.3893065237703,1
1.0,2024-01-01 17:51:00,2024-01-01 18:05:00,2,10.255665114224502,48.059859921263694,2
1.0,2024-01-01 17:52:00,2024-01-01 18:43:00,2,8.595535683117554,70.01122179325034,1
1.0,2024-01-01 17:53:00,2024-01-01 18:20:00,3,3.79945950770641,39.191833440459526,1
2.0,2024-01-01 17:54:00,2024-01-01 18:19:00,4,4.15678084678725,68.4415908987286,2
1.0,2024-01-01 17:55:00,2024-01-01 18:20:00,2,0.7057569179100607,8.856618603725472,1
1.0,2024-01-01 17:56:00,2024-01-01 18:43:00,3,10.128347385114001,42.1215335338654,3
2.0,2024-01-01 17:57:00,2024-01-01 18:14:00,2,11.3583545464597,10.0,4
1.0,2024-01-01 17:58:00,2024-01-01 18:39:00,4,17.89152603516399,81.28557289360512,1
2.0,2024-01-01 17:59:00,2024-01-01 18:36:00,2,6.09971292004587,73.03413399319099,4
2.0,2024-01-01 18:00:00,2024-01-01 18:28:00,1,6.891070904974499,24.40266895413712,2
1.0,2024-01-01 18:01:00,2024-01-01 18:49:00,1,2.754309406924488,28.48448629841016,4
2.0,2024-01-01 18:02:00,2024-01-01 18:17:00,1,8.078303439338505,99.62842909012866,2
2.0,2024-01-01 18:03:00,2024-01-01 18:24:00,2,1.2258232391019186,14.82091068418619,1
2.0,2024-01-01 18:04:00,2024-01-01 18:12:00,1,18.39321357710705,22.16295639572889,3
1.0,2024-01-01 18:05:00,2024-01-01 18:56:00,1,13.62567128842831,17.352494286762596,1
2.0,2024-01-01 18:06:00,2024-01-01 18:35:00,5,19.81960178316777,36.12722154994348,1
1.0,2024-01-01 18:07:00,2024-01-01 18:41:00,5,17.715051672230626,24.96670434722272,1
2.0,2024-01-01 18:08:00,2024-01-01 18:21:00,2,9.723316577113977,52.28035615703835,1
1.0,2024-01-01 18:09:00,2024-01-01 18:34:00,6,10.63385810743235,50.22196715361139,1
2.0,2024-01-01 18:10:00,2024-01-01 18:34:00,1,4.21623290708528,90.6430338478738,2
2.0,2024-01-01 18:11:00,2024-01-01 18:34:00,3,9.509767185371334,8.300295007254242,4
2.0,2024-01-01 18:12:00,2024-01-01 18:35:00,3,18.109043533109823,35.388559783437515,1
2.0,2024-01-01 18:13:00,2024-01-01 18:29:00,2,1.491641760898512,61.68249973972357,5
1.0,2024-01-01 18:14:00,2024-01-01 18:55:00,2,17.33935765846704,10.0,4
1.0,2024-01-01 18:15:00,2024-01-01 19:01:00,2,7.14848213203089,50.61199175634987,1
1.0,2024-01-01 18:16:00,2024-01-01 18:37:00,2,18.04049891937804,82.4882263773902,1
1.0,2024-01-01 18:17:00,2024-01-01 18:58:00,3,18.84715817365895,10.958606284373586,3
2.0,2024-01-01 18:18:00,2024-01-01 19:16:00,1,13.581865296537163,82.47133773011291,2
1.0,2024-01-01 18:19:00,2024-01-01 19:11:00,1,13.456263838557218,52.001652841391845,2
1.0,2024-01-01 18:20:00,2024-01-01 19:03:00,1,9.328709585320432,17.707266032315204,2
2.0,2024-01-01 18:21:00,2024-01-01 18:53:00,1,16.793034378602297,89.14168178634537,1
2.0,2024-01-01 18:22:00,2024-01-01 19:07:00,2,19.25144878944902,66.67673405639152,1
2.0,2024-01-01 18:23:00,2024-01-01 19:02:00,1,15.614095106612824,20.53684024829323,1
2.0,2024-01-01 18:24:00,2024-01-01 19:15:00,5,12.62776630825583,8.196723722907528,1
1.0,2024-01-01 18:25:00,2024-01-01 19:17:00,1,12.332461468516067,18.40541659160168,2
1.0,2024-01-01 18:26:00,2024-01-01 18:48:00,1,17.064663080881417,62.83580621713739,3
2.0,2024-01-01 18:27:00,2024-01-01 18:45:00,3,11.05347343254032,22.033142349704605,1
2.0,2024-01-01 18:28:00,2024-01-01 19:07:00,1,16.175267781852043,26.44749211312767,5
1.0,2024-01-01 18:29:00,2024-01-01 19:17:00,3,10.423262475897792,7.388273946849847,1
2.0,2024-01-01 18:30:00,2024-01-01 19:15:00,3,1.7176633619915205,73.67841386266734,2
1.0,2024-01-01 18:31:00,2024-01-01 18:42:00,1,7.986966673631027,81.98461797714653,2
1.0,2024-01-01 18:32:00,2024-01-01 19:17:00,1,9.166598674594225,80.7005767933517,5
2.0,2024-01-01 18:33:00,2024-01-01 18:50:00,2,3.261536277239036,17.118974379607003,2
2.0,2024-01-01 18:34:00,2024-01-01 18:56:00,1,2.49867841918965,90.81360710193212,1
2.0,2024-01-01 18:35:00,2024-01-01 19:16:00,1,10.941566518310603,68.8664888000376,5
1.0,2024-01-01 18:36:00,2024-01-01 18:53:00,1,2.160300912843602,90.26521912580212,2
2.0,2024-01-01 18:37:00,2024-01-01 19:17:00,1,6.407430773856637,47.48024793041304,1
1.0,2024-01-01 18:38:00,2024-01-01 19:13:00,2,15.01964103127998,46.510711802951285,2
1.0,2024-01-01 18:39:00,2024-01-01 18:45:00,3,19.306427501575627,79.53096927506505,3
2.0,2024-01-01 18:40:00,2024-01-01 19:00:00,3,14.498476320762606,13.863296270290634,1
2.0,2024-01-01 18:41:00,2024-01-01 18:54:00,1,19.85619819483097,54.48303348031415,1
2.0,2024-01-01 18:42:00,2024-01-01 18:55:00,1,14.117590439948351,84.45650238496644,3
2.0,2024-01-01 18:43:00,2024-01-01 19:25:00,5,6.228992177759387,83.86829349160928,2
2.0,2024-01-01 18:44:00,2024-01-01 18:59:00,3,13.605024539854558,95.83262135252504,1
2.0,2024-01-01 18:45:00,2024-01-01 19:43:00,5,14.192056921339624,71.33589638540192,1
1.0,2024-01-01 18:46:00,2024-01-01 19:12:00,2,7.748676200020982,24.738209796774196,1
1.0,2024-01-01 18:47:00,2024-01-01 19:24:00,3,0.8454200868830858,6.9266299149851775,2
1.0,2024-01-01 18:48:00,2024-01-01 19:28:00,2,14.212395803121996,50.54450086957469,3
1.0,2024-01-01 18:49:00,2024-01-01 19:38:00,2,0.9231518578730616,53.801867234142776,1
2.0,2024-01-01 18:50:00,2024-01-01 19:17:00,2,12.808167522171388,27.824945527398487,1
1.0,2024-01-01 18:51:00,2024-01-01 19:40:00,2,3.690521530479824,16.846257476742302,1
1.0,2024-01-01 18:52:00,2024-01-01 19:41:00,1,11.529268791086846,60.68977578809835,2
1.0,2024-01-01 18:53:00,2024-01-01 19:31:00,2,10.3263039949217,77.60428903229342,1
2.0,2024-01-01 18:54:00,2024-01-01 19:07:00,4,0.7635160249705601,99.34963984106524,1
1.0,2024-01-01 18:55:00,2024-01-01 19:23:00,5,7.575883431404518,77.03874863499925,1
2.0,2024-01-01 18:56:00,2024-01-01 19:08:00,2,12.221277764227905,80.39507935428018,2
1.0,2024-01-01 18:57:00,2024-01-01 19:08:00,2,17.047827762026206,63.56378343173576,1
1.0,2024-01-01 18:58:00,2024-01-01 19:38:00,1,17.828521219812085,98.66265260215168,1
2.0,2024-01-01 18:59:00,2024-01-01 19:21:00,3,9.935074415647854,65.7958565858842,4
2.0,2024-01-01 19:00:00,2024-01-01 19:07:00,2,14.704238502339043,86.72406220797191,1
1.0,2024-01-01 19:01:00,2024-01-01 19:33:00,6,6.670864242402424,94.8495413928908,1
2.0,2024-01-01 19:02:00,2024-01-01 19:12:00,2,7.17263491229382,93.3365575475533,4
2.0,2024-01-01 19:03:00,2024-01-01 19:51:00,2,4.292038624055119,41.23445765941887,1
1.0,2024-01-01 19:04:00,2024-01-01 19:52:00,3,11.457988144868166,12.472895539854571,1
2.0,2024-01-01 19:06:00,2024-01-01 19:38:00,2,2.145232480550848,10.62621401267771,2
2.0,2024-01-01 19:07:00,2024-01-01 19:51:00,2,13.857618689931986,15.012708808768304,1
2.0,2024-01-01 19:08:00,2024-01-01 20:06:00,6,14.301187548305265,22.54186835990128,3
2.0,2024-01-01 19:09:00,2024-01-01 20:07:00,1,7.519852166191628,37.40396007580316,1
2.0,2024-01-01 19:10:00,2024-01-01 19:15:00,5,1.9961062893924448,56.63626642463221,1
2.0,2024-01-01 19:11:00,2024-01-01 19:51:00,1,8.812805489366806,72.60979563873317,2
2.0,2024-01-01 19:12:00,2024-01-01 19:37:00,4,9.1255414319792,25.038096930118638,5
2.0,2024-01-01 19:13:00,2024-01-01 20:00:00,3,13.539082255508912,68.88962840262323,1
2.0,2024-01-01 19:14:00,2024-01-01 19:53:00,2,6.650619629544328,71.90461207772987,3
2.0,2024-01-01 19:15:00,2024-01-01 19:32:00,5,10.128347385114001,58.069122002288,1
1.0,2024-01-01 19:16:00,2024-01-01 20:09:00,1,17.494026564269074,90.84369763087751,1
2.0,2024-01-01 19:17:00,2024-01-01 20:15:00,1,5.130977826062897,15.544507322572011,1
2.0,2024-01-01 19:18:00,2024-01-01 20:16:00,3,19.588931344338047,21.826538472229853,2
1.0,2024-01-01 19:19:00,2024-01-01 19:33:00,2,8.034178674167736,45.72315831700106,1
2.0,2024-01-01 19:20:00,2024-01-01 20:17:00,3,5.711544360367704,17.037709847252692,1
1.0,2024-01-01 19:21:00,2024-01-01 20:09:00,1,8.719468058950666,58.79813365378831,1
1.0,2024-01-01 19:22:00,2024-01-01 20:13:00,1,2.3407507801252536,42.84804432789532,1
2.0,2024-01-01 19:23:00,2024-01-01 20:20:00,1,2.9512651769862552,32.036600480912256,4
1.0,2024-01-01 19:24:00,2024-01-01 19:38:00,1,8.581463915882463,21.14903223667554,5
2.0,2024-01-01 19:25:00,2024-01-01 20:15:00,2,15.367668177812453,36.85713264307998,2
2.0,2024-01-01 19:26:00,2024-01-01 19:43:00,4,18.05608867170257,62.756138329072485,1
2.0,2024-01-01 19:27:00,2024-01-01 20:08:00,5,13.463950818967282,59.6995950344941,1
1.0,2024-01-01 19:28:00,2024-01-01 20:10:00,4,2.551781327144309,20.544280019972213,2
1.0,2024-01-01 19:29:00,2024-01-01 19:57:00,1,13.604385362520434,16.867382020360175,5
2.0,2024-01-01 19:30:00,2024-01-01 19:36:00,2,12.890844453707953,7.53429244784289,1
2.0,2024-01-01 19:31:00,2024-01-01 19:57:00,1,16.21239640671996,6.180431410423566,3
2.0,2024-01-01 19:32:00,2024-01-01 19:53:00,1,16.592348999717526,88.58199139337009,5
1.0,2024-01-01 19:33:00,2024-01-01 20:13:00,2,17.42995997769009,9.283441320512043,3
2.0,2024-01-01 19:34:00,2024-01-01 19:52:00,1,8.575564534292418,74.4660054379584,1
2.0,2024-01-01 19:35:00,2024-01-01 19:49:00,1,14.108355709366814,87.83858414327092,1
2.0,2024-01-01 19:36:00,2024-01-01 20:15:00,5,5.730881998985059,14.31549561343347,1
1.0,2024-01-01 19:37:00,2024-01-01 20:06:00,2,19.987057459678333,46.44863526413668,1
2.0,2024-01-01 19:38:00,2024-01-01 19:45:00,2,3.9190177068487686,96.41878340155628,1
2.0,2024-01-01 19:39:00,2024-01-01 20:30:00,1,0.6972314173862983,84.24317274974058,1
2.0,2024-01-01 19:40:00,2024-01-01 20:22:00,1,3.401769933104432,51.52188302649623,2
1.0,2024-01-01 19:41:00,2024-01-01 20:02:00,5,15.62950964611047,77.44425571519753,1
2.0,2024-01-01 19:42:00,2024-01-01 19:58:00,1,9.212281691910125,84.17087432100807,1
2.0,2024-01-01 19:43:00,2024-01-01 20:41:00,2,9.226254832303352,38.06256150292833,2
1.0,2024-01-01 19:44:00,2024-01-01 20:40:00,1,19.12294693242753,89.75452710264628,2
2.0,2024-01-01 19:45:00,2024-01-01 20:13:00,2,18.432880706547447,49.69496536932989,2
2.0,2024-01-01 19:46:00,2024-01-01 20:19:00,1,6.56829738717818,55.14169953808885,1
1.0,2024-01-01 19:47:00,2024-01-01 20:34:00,4,4.57663351122689,99.97222559307394,2
1.0,2024-01-01 19:48:00,2024-01-01 20:17:00,4,17.045403093707925,85.11378178445533,1
2.0,2024-01-01 19:49:00,2024-01-01 20:29:00,4,18.16737188536508,39.3681505484331,1
1.0,2024-01-01 19:50:00,2024-01-01 20:20:00,1,11.061139994570494,5.982831664906495,2
2.0,2024-01-01 19:51:00,2024-01-01 20:33:00,4,12.77376236678346,64.48653701042,1
1.0,2024-01-01 19:52:00,2024-01-01 19:57:00,2,5.509828551499721,71.87177548217024,1
2.0,2024-01-01 19:53:00,2024-01-01 20:17:00,2,16.11565241558123,66.82625556362106,1
1.0,2024-01-01 19:54:00,2024-01-01 20:53:00,3,12.826387354755951,96.94692336050524,1
2.0,2024-01-01 19:55:00,2024-01-01 20:27:00,1,10.318513470310934,86.9822475965537,1
2.0,2024-01-01 19:56:00,2024-01-01 20:16:00,1,1.6721168435287186,47.63901085216161,3
2.0,2024-01-01 19:57:00,2024-01-01 20:48:00,3,18.360731768967497,10.97146130987619,1
2.0,2024-01-01 19:58:00,2024-01-01 20:19:00,1,12.501302697495918,50.2255831026897,5
1.0,2024-01-01 19:59:00,2024-01-01 20:43:00,3,4.257476346512876,70.4781818963922,1
2.0,2024-01-01 20:00:00,2024-01-01 20:32:00,2,12.324529281169529,62.73243178156544,1
1.0,2024-01-01 20:01:00,2024-01-01 20:17:00,5,13.71053540767948,56.12302143253406,1
2.0,2024-01-01 20:02:00,2024-01-01 20:33:00,6,10.752521565322898,49.537801011447925,1
1.0,2024-01-01 20:03:00,2024-01-01 21:01:00,5,14.502983890142438,32.9073779376017,2
1.0,2024-01-01 20:04:00,2024-01-01 21:01:00,1,11.838351984608174,31.347942363839778,1
2.0,2024-01-01 20:05:00,2024-01-01 20:51:00,1,18.98150684962689,52.52199049795118,1
2.0,2024-01-01 20:06:00,2024-01-01 20:57:00,2,1.5470930326864831,20.257298910816655,2
1.0,2024-01-01 20:07:00,2024-01-01 20:41:00,1,2.5717913151564296,37.36511523960615,1
1.0,2024-01-01 20:08:00,2024-01-01 20:53:00,1,3.886596920609627,35.77803109745946,3
2.0,2024-01-01 20:09:00,2024-01-01 20:47:00,3,13.958335876784476,60.777616150499085,2
1.0,2024-01-01 20:10:00,2024-01-01 20:51:00,2,13.089119518621269,11.334818534487336,1
1.0,2024-01-01 20:11:00,2024-01-01 20:21:00,6,17.895147774089033,83.81852462518404,1
1.0,2024-01-01 20:12:00,2024-01-01 20:23:00,1,14.791110331236018,58.4259461365182,1
2.0,2024-01-01 20:13:00,2024-01-01 20:49:00,1,10.412932007509548,68.72853467371385,3
2.0,2024-01-01 20:14:00,2024-01-01 20:50:00,1,19.84071995304079,71.79392085714612,1
1.0,2024-01-01 20:15:00,2024-01-01 21:12:00,5,5.689105145301333,32.69099300004096,1
1.0,2024-01-01 20:16:00,2024-01-01 20:45:00,4,16.747237365816353,49.68529890156232,1
2.0,2024-01-01 20:17:00,2024-01-01 20:54:00,4,8.822412257781428,95.84336580761838,1
2.0,2024-01-01 20:18:00,2024-01-01 21:17:00,5,13.150335208076816,77.83699760969742,1
1.0,2024-01-01 20:19:00,2024-01-01 20:30:00,2,14.681735173822464,97.1079031462026,3
2.0,2024-01-01 20:20:00,2024-01-01 21:16:00,2,12.85820470021156,75.89416278889739,1
1.0,2024-01-01 20:21:00,2024-01-01 20:37:00,6,3.2398924106175686,21.682013272309156,4
1.0,2024-01-01 20:22:00,2024-01-01 20:42:00,3,9.137544709584688,11.130908965244242,3
2.0,2024-01-01 20:23:00,2024-01-01 20:43:00,2,11.448048369695924,59.87783648836805,1
1.0,2024-01-01 20:24:00,2024-01-01 21:11:00,2,17.056353303982636,38.99226157174791,1
2.0,2024-01-01 20:25:00,2024-01-01 21:22:00,5,9.15109210157216,31.168501463126173,1
1.0,2024-01-01 20:26:00,2024-01-01 21:06:00,6,18.415572443682905,81.68504466041466,2
1.0,2024-01-01 20:27:00,2024-01-01 20:44:00,4,9.087297348991608,39.864360372785,1
2.0,2024-01-01 20:28:00,2024-01-01 20:39:00,4,11.201207255628727,35.115092124758874,5
1.0,2024-01-01 20:29:00,2024-01-01 21:09:00,3,16.02757081738462,85.748821351056,2
2.0,2024-01-01 20:30:00,2024-01-01 21:21:00,1,11.8698198462318,85.39729696621372,1
1.0,2024-01-01 20:31:00,2024-01-01 21:26:00,1,19.22425241146508,38.85483058673038,2
1.0,2024-01-01 20:32:00,2024-01-01 20:45:00,3,13.376548695025487,84.08737659366679,1
1.0,2024-01-01 20:33:00,2024-01-01 21:09:00,3,10.69283435431822,85.82395658160274,3
2.0,2024-01-01 20:34:00,2024-01-01 20:49:00,1,0.9600433717255192,45.27340082781829,1
1.0,2024-01-01 20:35:00,2024-01-01 20:47:00,5,8.567791502816432,11.314947369871298,1
2.0,2024-01-01 20:36:00,2024-01-01 21:13:00,1,6.335344175573129,5.15054122430231,1
1.0,2024-01-01 20:37:00,2024-01-01 21:04:00,1,15.08806052380604,54.71278397445453,3
2.0,2024-01-01 20:38:00,2024-01-01 21:07:00,3,4.561414665494143,37.68717187018379,1
1.0,2024-01-01 20:39:00,2024-01-01 20:51:00,1,4.5017917022344,99.72752994504476,5
2.0,2024-01-01 20:40:00,2024-01-01 21:29:00,1,4.195621343128847,78.379044964592,1
2.0,2024-01-01 20:42:00,2024-01-01 20:50:00,4,6.564636571582304,95.74806298729764,1
2.0,2024-01-01 20:43:00,2024-01-01 21:27:00,2,17.77548123164679,89.33381779986547,1
2.0,2024-01-01 20:44:00,2024-01-01 20:51:00,3,15.61110520996612,35.22781054835693,1
2.0,2024-01-01 20:45:00,2024-01-01 21:18:00,3,14.837398717982472,20.768786052368256,1
1.0,2024-01-01 20:46:00,2024-01-01 21:31:00,1,16.048067710174273,75.85976518122081,2
1.0,2024-01-01 20:47:00,2024-01-01 21:20:00,6,5.753648841926648,40.93601989987294,1
2.0,2024-01-01 20:48:00,2024-01-01 21:26:00,1,17.805112969673512,49.95140190494087,1
2.0,2024-01-01 20:49:00,2024-01-01 21:27:00,6,3.177415815261286,64.88778447110855,1
2.0,2024-01-01 20:50:00,2024-01-01 21:22:00,2,7.058741670953848,91.24790430884786,2
1.0,2024-01-01 20:51:00,2024-01-01 21:08:00,6,11.941588319863186,44.81333659874176,1
1.0,2024-01-01 20:52:00,2024-01-01 21:11:00,1,2.5066492226690125,79.41510457083933,1
1.0,2024-01-01 20:53:00,2024-01-01 21:20:00,2,14.737538661640286,30.49228017109246,1
2.0,2024-01-01 20:54:00,2024-01-01 21:42:00,1,8.051297939967762,71.30732013774329,2
1.0,2024-01-01 20:55:00,2024-01-01 21:25:00,1,15.7959104793638,5.150045002401628,3
1.0,2024-01-01 20:56:00,2024-01-01 21:04:00,3,10.111477568899751,87.7931852816103,1
1.0,2024-01-01 20:57:00,2024-01-01 21:27:00,1,4.02705322629406,7.886060095673937,1
1.0,2024-01-01 20:58:00,2024-01-01 21:42:00,3,14.827855321429215,72.7116067024455,3
2.0,2024-01-01 20:59:00,2024-01-01 21:12:00,1,5.416807138859399,9.39452797982197,5
1.0,2024-01-01 21:00:00,2024-01-01 21:59:00,2,10.070800874726835,30.29334144243033,2
2.0,2024-01-01 21:01:00,2024-01-01 21:10:00,4,1.9728987485596985,52.234228337872544,5
1.0,2024-01-01 21:02:00,2024-01-01 21:38:00,2,12.548399761034716,44.89417510808263,2
1.0,2024-01-01 21:03:00,2024-01-01 21:27:00,3,13.484226441217404,23.224430887096005,2
1.0,2024-01-01 21:04:00,2024-01-01 21:58:00,3,7.884147094469279,36.71241661237755,1
1.0,2024-01-01 21:05:00,2024-01-01 21:20:00,4,19.11124421626094,74.13210515579188,1
1.0,2024-01-01 21:06:00,2024-01-01 21:25:00,2,17.546293968900333,68.57942379506659,1
1.0,2024-01-01 21:07:00,2024-01-01 21:43:00,3,14.304847856929896,11.822385457571992,3
2.0,2024-01-01 21:08:00,2024-01-01 21:40:00,6,14.416215452627982,75.9950034294242,4
1.0,2024-01-01 21:09:00,2024-01-01 21:35:00,3,5.421833441371949,10.039358713717691,2
2.0,2024-01-01 21:10:00,2024-01-01 21:55:00,2,13.307897006224756,56.57800696447952,1
2.0,2024-01-01 21:11:00,2024-01-01 21:32:00,3,4.365022172092633,29.70596106400811,1
2.0,2024-01-01 21:12:00,2024-01-01 21:42:00,3,3.3080628664365315,60.83056211818279,1
1.0,2024-01-01 21:13:00,2024-01-01 22:01:00,3,19.989623936950316,29.82619761438568,1
1.0,2024-01-01 21:14:00,2024-01-01 21:25:00,1,12.636330663726897,98.57100711445396,2
1.0,2024-01-01 21:15:00,2024-01-01 22:01:00,1,8.904263516815215,34.42417745411552,4
1.0,2024-01-01 21:16:00,2024-01-01 21:46:00,4,6.119208196237051,27.98626038907712,1
2.0,2024-01-01 21:17:00,2024-01-01 21:46:00,1,12.276448651413435,31.45420263695787,1
1.0,2024-01-01 21:18:00,2024-01-01 21:32:00,3,1.4670734102916794,90.16492143963306,2
1.0,2024-01-01 21:19:00,2024-01-01 22:08:00,2,2.346279314843504,65.44078872358776,1
2.0,2024-01-01 21:20:00,2024-01-01 21:43:00,2,10.128347385114001,74.41498925497376,3
2.0,2024-01-01 21:21:00,2024-01-01 21:36:00,1,10.233811748621903,92.21099845896327,1
2.0,2024-01-01 21:22:00,2024-01-01 21:39:00,1,12.21182926915006,91.62788606027571,1
1.0,2024-01-01 21:23:00,2024-01-01 22:20:00,6,1.7183553464775063,75.19985542497912,1
1.0,2024-01-01 21:24:00,2024-01-01 21:36:00,5,14.563877116228872,23.79332073992568,1
2.0,2024-01-01 21:25:00,2024-01-01 22:09:00,3,4.992703894534006,85.12046546412552,1
1.0,2024-01-01 21:26:00,2024-01-01 21:34:00,2,13.861428348512389,24.35872324815105,1
1.0,2024-01-01 21:27:00,2024-01-01 22:18:00,3,19.64699423068729,75.57538733935104,1
1.0,2024-01-01 21:28:00,2024-01-01 22:03:00,3,13.976564466050098,70.13229132176306,1
1.0,2024-01-01 21:29:00,2024-01-01 22:01:00,3,17.722264532010367,77.09444076334243,1
1.0,2024-01-01 21:30:00,2024-01-01 21:45:00,1,18.98987088148981,55.605139667812495,1
2.0,2024-01-01 21:31:00,2024-01-01 22:18:00,3,9.991645442870151,65.67898731367586,1
2.0,2024-01-01 21:32:00,2024-01-01 21:37:00,4,14.195337098684284,95.56540764125424,2
2.0,2024-01-01 21:33:00,2024-01-01 22:26:00,6,17.113400444338914,14.603416446550415,4
2.0,2024-01-01 21:34:00,2024-01-01 22:25:00,1,7.45387380105053,34.3404911042539,1
1.0,2024-01-01 21:35:00,2024-01-01 22:31:00,3,5.5972476729277005,63.07891624434633,1
1.0,2024-01-01 21:36:00,2024-01-01 22:18:00,3,18.958672169177603,96.58514236249148,1
1.0,2024-01-01 21:37:00,2024-01-01 22:05:00,2,14.66291825719195,14.079572527947107,1
2.0,2024-01-01 21:38:00,2024-01-01 22:36:00,1,4.783801600828613,7.142176045358211,2
2.0,2024-01-01 21:39:00,2024-01-01 22:30:00,2,9.257126157184212,10.29621185468116,3
1.0,2024-01-01 21:40:00,2024-01-01 22:15:00,2,16.030809505987285,9.978540213813886,2
2.0,2024-01-01 21:41:00,2024-01-01 22:26:00,2,11.16772832290962,91.2425064888534,1
1.0,2024-01-01 21:42:00,2024-01-01 22:32:00,3,13.174065914234836,73.51950125371334,1
2.0,2024-01-01 21:43:00,2024-01-01 22:37:00,3,15.19847993987852,69.32510478864644,4
2.0,2024-01-01 21:44:00,2024-01-01 22:14:00,3,12.629179181775122,54.6444179248719,1
2.0,2024-01-01 21:45:00,2024-01-01 22:38:00,5,11.031546777482818,79.28549861235443,1
2.0,2024-01-01 21:46:00,2024-01-01 22:40:00,2,15.117478545561582,19.786559312351127,5
2.0,2024-01-01 21:47:00,2024-01-01 21:56:00,1,14.687479190927911,42.23441302990155,2
1.0,2024-01-01 21:48:00,2024-01-01 22:12:00,3,12.782511803571987,51.55040382261263,2
2.0,2024-01-01 21:49:00,2024-01-01 22:45:00,1,7.515893560947627,15.488902279288991,1
1.0,2024-01-01 21:50:00,2024-01-01 22:35:00,2,8.413335797905296,44.853802387064114,1
2.0,2024-01-01 21:51:00,2024-01-01 22:06:00,1,19.423551703239895,35.06766902994893,1
2.0,2024-01-01 21:52:00,2024-01-01 22:50:00,1,2.6915256796847538,8.38030385037895,2
2.0,2024-01-01 21:53:00,2024-01-01 22:30:00,4,5.735845886430289,17.98986325927735,1
1.0,2024-01-01 21:54:00,2024-01-01 22:48:00,1,10.101834304484546,77.58349820090982,3
2.0,2024-01-01 21:55:00,2024-01-01 22:37:00,2,16.816228879803823,6.713601402941223,3
2.0,2024-01-01 21:56:00,2024-01-01 22:27:00,1,3.691675442729693,93.7540634141543,1
2.0,2024-01-01 21:57:00,2024-01-01 22:35:00,3,5.900615053429893,13.210340082487557,1
1.0,2024-01-01 21:58:00,2024-01-01 22:17:00,2,1.7830652470071602,80.92761894932852,1
1.0,2024-01-01 21:59:00,2024-01-01 22:35:00,3,14.26671268799096,90.36857138962972,2
1.0,2024-01-01 22:00:00,2024-01-01 22:25:00,2,5.145083991774515,94.40788056079248,2
1.0,2024-01-01 22:01:00,2024-01-01 22:51:00,1,8.079157638083533,87.4103172321174,2
2.0,2024-01-01 22:02:00,2024-01-01 22:11:00,2,9.152178217078523,32.317253745417105,1
1.0,2024-01-01 22:03:00,2024-01-01 22:13:00,1,17.880621744325886,36.64327747715532,1
2.0,2024-01-01 22:04:00,2024-01-01 22:46:00,2,8.520940661459118,45.521841367957215,2
1.0,2024-01-01 22:05:00,2024-01-01 22:31:00,2,3.3318878883473566,18.23318549367458,1
1.0,2024-01-01 22:06:00,2024-01-01 22:28:00,5,10.72414129763236,7.115883231386267,2
2.0,2024-01-01 22:07:00,2024-01-01 22:25:00,1,19.27768089564828,87.5665533566983,2
2.0,2024-01-01 22:08:00,2024-01-01 22:22:00,3,12.349870000490816,57.64222803999336,1
1.0,2024-01-01 22:09:00,2024-01-01 22:59:00,1,19.67605079898117,62.82867950693055,1
2.0,2024-01-01 22:10:00,2024-01-01 22:27:00,2,16.901592524307965,93.06390510769056,1
2.0,2024-01-01 22:11:00,2024-01-01 22:46:00,2,1.2013322461615497,68.18641692079349,1
1.0,2024-01-01 22:12:00,2024-01-01 22:46:00,5,13.338792109852315,70.63108291228227,2
2.0,2024-01-01 22:13:00,2024-01-01 22:20:00,1,6.091954112378732,79.7620216014905,2
2.0,2024-01-01 22:14:00,2024-01-01 22:48:00,1,11.412528685072116,16.05310273645336,3
2.0,2024-01-01 22:15:00,2024-01-01 22:25:00,2,5.9472312231589175,39.215404555310194,2
1.0,2024-01-01 22:16:00,2024-01-01 22:49:00,1,7.302973123803163,96.9797531318198,1
2.0,2024-01-01 22:17:00,2024-01-01 22:29:00,1,18.5017898792065,92.67835741955764,1
1.0,2024-01-01 22:18:00,2024-01-01 23:06:00,3,4.529542105388253,88.98715314946756,3
1.0,2024-01-01 22:19:00,2024-01-01 23:08:00,1,17.545127801503693,47.94840848220238,1
1.0,2024-01-01 22:20:00,2024-01-01 23:07:00,1,1.0939272573746877,86.43333059074654,2
1.0,2024-01-01 22:21:00,2024-01-01 23:09:00,3,2.2720924982081434,9.597608784847733,2
2.0,2024-01-01 22:22:00,2024-01-01 22:59:00,2,17.166163306993138,19.10915530442616,1
2.0,2024-01-01 22:23:00,2024-01-01 22:44:00,1,12.795842602729309,44.32693135598514,1
2.0,2024-01-01 22:24:00,2024-01-01 23:16:00,1,15.07110469177123,50.92224633480201,1
1.0,2024-01-01 22:25:00,2024-01-01 22:40:00,3,4.583644581026158,30.0331795844814,3
1.0,2024-01-01 22:26:00,2024-01-01 22:43:00,1,10.973127384007018,38.86528373053981,1
1.0,2024-01-01 22:27:00,2024-01-01 23:21:00,2,14.875774859640442,20.463729597410037,4
2.0,2024-01-01 22:28:00,2024-01-01 22:43:00,1,12.732625671700118,51.467733013011184,1
1.0,2024-01-01 22:29:00,2024-01-01 23:04:00,3,9.698125954378584,80.41511282244682,5
2.0,2024-01-01 22:30:00,2024-01-01 23:02:00,2,19.21578383553544,67.82923739782404,1
2.0,2024-01-01 22:31:00,2024-01-01 23:19:00,3,13.685068002342184,15.24026349972642,1
1.0,2024-01-01 22:32:00,2024-01-01 22:42:00,4,18.20114060470414,51.32025232268803,3
2.0,2024-01-01 22:33:00,2024-01-01 23:18:00,3,14.730524975686784,71.27640636407386,3
1.0,2024-01-01 22:34:00,2024-01-01 22:54:00,1,14.84153880765482,55.340053172624415,1
2.0,2024-01-01 22:35:00,2024-01-01 22:43:00,1,2.060356260274747,42.20918167087715,2
2.0,2024-01-01 22:36:00,2024-01-01 23:15:00,2,7.509560126151899,64.08187002196843,3
1.0,2024-01-01 22:37:00,2024-01-01 23:29:00,1,17.23820343103334,97.02067320352616,1
1.0,2024-01-01 22:38:00,2024-01-01 23:08:00,1,5.035775311900741,14.016251427777409,1
2.0,2024-01-01 22:39:00,2024-01-01 22:55:00,4,2.7523643900510906,42.05152577101826,3
2.0,2024-01-01 22:40:00,2024-01-01 22:55:00,2,6.8590681044564725,43.62755603937909,1
1.0,2024-01-01 22:41:00,2024-01-01 23:22:00,2,4.798538755405972,59.81189449449525,1
2.0,2024-01-01 22:42:00,2024-01-01 23:11:00,3,18.543119798466524,19.4565871787822,2
2.0,2024-01-01 22:43:00,2024-01-01 23:05:00,3,17.425349519041557,21.781087837694606,1
2.0,2024-01-01 22:44:00,2024-01-01 23:07:00,1,10.243822990516632,32.10933166979619,1
1.0,2024-01-01 22:45:00,2024-01-01 23:12:00,4,1.6962055524354265,10.0,5
2.0,2024-01-01 22:46:00,2024-01-01 23:45:00,1,14.433965748816547,74.74031521693574,1
2.0,2024-01-01 22:47:00,2024-01-01 23:29:00,3,12.65652876105716,67.86086366069281,3
1.0,2024-01-01 22:48:00,2024-01-01 23:46:00,4,19.42581607920567,82.6109803024549,3
1.0,2024-01-01 22:49:00,2024-01-01 23:11:00,3,11.39958818527235,17.11976454708583,1
2.0,2024-01-01 22:50:00,2024-01-01 23:20:00,3,7.0596776063567335,86.6366178737564,1
1.0,2024-01-01 22:51:00,2024-01-01 23:01:00,1,10.620923024781838,61.50910781931288,1
2.0,2024-01-01 22:52:00,2024-01-01 23:00:00,2,19.595634182388068,36.85625570859887,1
1.0,2024-01-01 22:53:00,2024-01-01 23:41:00,3,14.079067434394096,82.50624929584059,2
1.0,2024-01-01 22:54:00,2024-01-01 23:49:00,2,13.603534689577495,81.24363076311928,2
2.0,2024-01-01 22:55:00,2024-01-01 23:28:00,5,5.193290999654765,85.34231526308908,1
2.0,2024-01-01 22:57:00,2024-01-01 23:18:00,1,15.13030067469955,97.08931827459872,1
1.0,2024-01-01 22:58:00,2024-01-01 23:45:00,1,6.687135183630153,96.16448461002446,1
2.0,2024-01-01 22:59:00,2024-01-01 23:46:00,2,9.932419731618907,38.95961632266545,1
1.0,2024-01-01 23:00:00,2024-01-01 23:57:00,3,6.244764992338893,11.259931730132369,1
1.0,2024-01-01 23:01:00,2024-01-01 23:21:00,3,5.54474887132359,20.87028859953464,2
2.0,2024-01-01 23:02:00,2024-01-01 23:08:00,3,1.0049733698649603,99.3189284172462,1
1.0,2024-01-01 23:03:00,2024-01-01 23:41:00,4,6.061629020739976,58.48622960130799,1
2.0,2024-01-01 23:04:00,2024-01-02 00:03:00,5,11.30241402262636,38.87907088847494,2
1.0,2024-01-01 23:05:00,2024-01-01 23:17:00,4,0.5312231572060622,32.37925591575369,1
2.0,2024-01-01 23:06:00,2024-01-01 23:23:00,1,6.022772134288515,29.414214854540017,1
1.0,2024-01-01 23:07:00,2024-01-01 23:53:00,3,17.687501480303375,68.0945126801758,1
2.0,2024-01-01 23:08:00,2024-01-01 23:20:00,1,12.076147409593537,44.841843994370166,1
1.0,2024-01-01 23:09:00,2024-01-01 23:43:00,1,12.35332506957912,96.7140164400181,1
1.0,2024-01-01 23:10:00,2024-01-01 23:46:00,3,8.365603948013888,69.96508791130934,4
1.0,2024-01-01 23:11:00,2024-01-01 23:51:00,2,13.691206798102016,80.24423614965131,1
1.0,2024-01-01 23:12:00,2024-01-02 00:03:00,1,4.203688941492004,32.810447115400194,5
2.0,2024-01-01 23:13:00,2024-01-01 23:47:00,1,16.46556280249174,12.522708865319457,1
1.0,2024-01-01 23:14:00,2024-01-01 23:19:00,1,2.7754378387500465,51.3431695512787,1
2.0,2024-01-01 23:15:00,2024-01-02 00:02:00,5,13.29202641573563,34.88524692189159,1
1.0,2024-01-01 23:16:00,2024-01-01 23:59:00,1,7.15241185348382,24.19790067575275,1
1.0,2024-01-01 23:17:00,2024-01-01 23:38:00,1,15.076502926358298,95.50100242608184,1
2.0,2024-01-01 23:18:00,2024-01-01 23:42:00,2,11.22040874968739,47.17888036249288,1
2.0,2024-01-01 23:19:00,2024-01-01 23:47:00,2,9.320884250334966,21.59731624463464,1
1.0,2024-01-01 23:20:00,2024-01-02 00:14:00,5,3.803736840818317,23.871812004708215,1
1.0,2024-01-01 23:21:00,2024-01-01 23:47:00,1,12.91801855354488,31.66742553413643,1
1.0,2024-01-01 23:22:00,2024-01-01 23:55:00,2,19.50801194669805,99.93504547802272,1
2.0,2024-01-01 23:23:00,2024-01-01 23:49:00,3,16.599266785686794,30.461092549361744,1
2.0,2024-01-01 23:24:00,2024-01-02 00:12:00,5,1.67015975548573,36.23617143495309,2
1.0,2024-01-01 23:25:00,2024-01-01 23:38:00,3,7.836472878043226,67.63617215848014,3
2.0,2024-01-01 23:26:00,2024-01-02 00:07:00,4,18.5488686792103,32.92633075897834,1
2.0,2024-01-01 23:27:00,2024-01-01 23:41:00,1,10.309353077361918,25.50140385067087,1
2.0,2024-01-01 23:28:00,2024-01-02 00:08:00,2,13.411180603259494,20.070532731711875,1
2.0,2024-01-01 23:29:00,2024-01-02 00:10:00,2,18.295687239032112,34.70485317764026,3
1.0,2024-01-01 23:30:00,2024-01-02 00:02:00,5,17.538996463187672,15.061990514733484,1
1.0,2024-01-01 23:31:00,2024-01-02 00:03:00,1,10.285497323039964,6.771425709404375,2
1.0,2024-01-01 23:32:00,2024-01-02 00:18:00,1,9.03410290182324,81.44096124679434,1
1.0,2024-01-01 23:33:00,2024-01-02 00:20:00,2,7.124006060351948,18.10001952938477,1
2.0,2024-01-01 23:34:00,2024-01-01 23:59:00,1,14.520879141676376,78.71780073244801,1
2.0,2024-01-01 23:35:00,2024-01-02 00:03:00,1,6.096242589695094,80.76653550373268,1
1.0,2024-01-01 23:36:00,2024-01-02 00:22:00,6,5.372808325402553,56.1023550012781,3
1.0,2024-01-01 23:37:00,2024-01-02 00:21:00,2,7.446872944773712,34.41978603973038,1
1.0,2024-01-01 23:38:00,2024-01-01 23:44:00,3,3.955693609136445,18.778109706239405,1
2.0,2024-01-01 23:39:00,2024-01-02 00:38:00,3,14.054836410942462,74.99648513849492,1
1.0,2024-01-01 23:40:00,2024-01-01 23:52:00,2,12.51669266194694,62.13176366826967,2
2.0,2024-01-01 23:41:00,2024-01-02 00:33:00,1,9.916131415258947,67.2680783668886,1
1.0,2024-01-01 23:42:00,2024-01-02 00:13:00,1,8.111352695600315,5.823563535287449,1
1.0,2024-01-01 23:43:00,2024-01-02 00:09:00,2,18.226719586486265,93.11411649224333,1
2.0,2024-01-01 23:44:00,2024-01-02 00:25:00,3,1.0679138072875531,11.297567807422272,1
2.0,2024-01-01 23:45:00,2024-01-02 00:16:00,2,15.497600998392334,39.84655908830054,2
1.0,2024-01-01 23:46:00,2024-01-02 00:19:00,1,18.08723664910333,43.257606716911525,1
2.0,2024-01-01 23:47:00,2024-01-01 23:54:00,2,9.203914298883555,5.12877482730514,1
2.0,2024-01-01 23:48:00,2024-01-02 00:36:00,5,11.238464583677612,52.22348438832572,1
2.0,2024-01-01 23:49:00,2024-01-02 00:06:00,4,18.91704191369974,76.51685447854594,4
1.0,2024-01-01 23:50:00,2024-01-02 00:39:00,4,4.639411548067531,83.21052204590336,1
2.0,2024-01-01 23:51:00,2024-01-02 00:05:00,4,10.128347385114001,88.54271436405902,1
1.0,2024-01-01 23:52:00,2024-01-02 00:32:00,2,9.757061979000152,51.3332924899601,4
2.0,2024-01-01 23:53:00,2024-01-02 00:06:00,4,5.5386566334722165,64.9104381003168,1
1.0,2024-01-01 23:54:00,2024-01-02 00:52:00,1,16.462567992275606,12.554372763167382,5
1.0,2024-01-01 23:55:00,2024-01-02 00:54:00,3,18.0422115978831,51.36363130676624,1
1.0,2024-01-01 23:56:00,2024-01-02 00:27:00,3,15.747685305870071,19.70749671281485,1
2.0,2024-01-01 23:57:00,2024-01-02 00:35:00,1,4.309499736547863,40.116096174139535,2
1.0,2024-01-01 23:58:00,2024-01-02 00:53:00,4,2.1915983922769406,36.284004722136935,3
2.0,2024-01-01 23:59:00,2024-01-02 00:04:00,5,12.306167463454177,45.23635483794328,1
2.0,2024-01-02 00:00:00,2024-01-02 00:36:00,1,1.6133478299427368,59.30547870754259,4
1.0,2024-01-02 00:01:00,2024-01-02 00:30:00,4,13.620104826882642,90.7732814709846,1
2.0,2024-01-02 00:02:00,2024-01-02 00:35:00,1,10.843272296381231,42.476039978013006,3
1.0,2024-01-02 00:03:00,2024-01-02 00:14:00,3,13.42432178850144,98.20746359259732,1
2.0,2024-01-02 00:04:00,2024-01-02 00:57:00,2,12.008330086170009,77.10766456486427,1
1.0,2024-01-02 00:05:00,2024-01-02 00:12:00,2,8.74270010577987,53.59069944489641,4
2.0,2024-01-02 00:06:00,2024-01-02 00:30:00,5,4.417105012734451,66.18251152563468,4
2.0,2024-01-02 00:07:00,2024-01-02 00:31:00,5,6.461191648304527,14.711296257534729,1
2.0,2024-01-02 00:08:00,2024-01-02 01:05:00,4,10.72776119727004,85.2295454747972,1
2.0,2024-01-02 00:09:00,2024-01-02 00:43:00,1,13.211427826128316,60.32395823107676,1
1.0,2024-01-02 00:10:00,2024-01-02 00:49:00,5,15.699918829248306,98.67641061991218,1
2.0,2024-01-02 00:11:00,2024-01-02 00:50:00,1,15.459829009756684,65.46073065652067,1
2.0,2024-01-02 00:12:00,2024-01-02 01:05:00,5,19.467430493591163,84.24060041030089,1
2.0,2024-01-02 00:13:00,2024-01-02 00:56:00,2,6.073908248936484,80.97746056554777,1
1.0,2024-01-02 00:14:00,2024-01-02 00:45:00,1,1.8866588101620172,37.81880938948554,2
2.0,2024-01-02 00:15:00,2024-01-02 00:45:00,3,7.240310243066256,29.663009397155108,1
2.0,2024-01-02 00:16:00,2024-01-02 00:34:00,1,14.994242266869495,45.89689042599345,1
2.0,2024-01-02 00:17:00,2024-01-02 00:38:00,1,9.043177195149257,49.38792771883953,1
1.0,2024-01-02 00:18:00,2024-01-02 00:40:00,2,10.128347385114001,27.808046683981168,2
2.0,2024-01-02 00:19:00,2024-01-02 01:08:00,1,11.211864121127292,89.98679796834233,1
1.0,2024-01-02 00:20:00,2024-01-02 01:16:00,1,18.630938591294807,56.54204691856137,1
1.0,2024-01-02 00:22:00,2024-01-02 00:46:00,2,1.8514378673656,81.951688914395,3
2.0,2024-01-02 00:23:00,2024-01-02 01:20:00,1,9.400062074392274,57.79196173723487,2
2.0,2024-01-02 00:24:00,2024-01-02 00:55:00,3,12.388936694366576,94.96882642371412,4
1.0,2024-01-02 00:25:00,2024-01-02 00:47:00,1,5.48951454583815,52.96310743405417,2
2.0,2024-01-02 00:26:00,2024-01-02 00:34:00,5,8.437997197890114,89.2751186892737,2
1.0,2024-01-02 00:27:00,2024-01-02 00:32:00,5,13.714790051795116,39.02375421360152,1
2.0,2024-01-02 00:28:00,2024-01-02 01:22:00,1,4.921317424518048,40.971026423388935,1
2.0,2024-01-02 00:29:00,2024-01-02 00:34:00,4,12.238636383001822,44.72241488223846,1
2.0,2024-01-02 00:30:00,2024-01-02 01:00:00,4,14.100232649203967,56.92943636460839,1
2.0,2024-01-02 00:31:00,2024-01-02 01:20:00,6,2.264678066369401,57.58157566888829,1
2.0,2024-01-02 00:32:00,2024-01-02 00:56:00,3,10.201821662535329,52.157897559323,1
1.0,2024-01-02 00:33:00,2024-01-02 01:29:00,1,5.63006058352172,34.07009249040091,2
1.0,2024-01-02 00:34:00,2024-01-02 01:01:00,3,14.62553394196187,93.08461415512896,1
2.0,2024-01-02 00:35:00,2024-01-02 00:49:00,3,4.196332416470339,60.91567924817915,1
2.0,2024-01-02 00:36:00,2024-01-02 00:51:00,3,17.898639352993076,43.73522553820152,5
2.0,2024-01-02 00:37:00,2024-01-02 01:22:00,2,8.903356062107374,66.86181127064373,1
2.0,2024-01-02 00:38:00,2024-01-02 01:23:00,5,10.128347385114001,77.9568419919315,1
1.0,2024-01-02 00:39:00,2024-01-02 00:48:00,6,9.041425028831425,96.26916838168307,1
2.0,2024-01-02 00:40:00,2024-01-02 00:45:00,1,8.470503374766293,52.45717041542035,3
1.0,2024-01-02 00:41:00,2024-01-02 01:02:00,1,8.86391971012735,15.649358483322086,1
2.0,2024-01-02 00:42:00,2024-01-02 01:08:00,1,11.918445223200214,46.87275113647142,2
1.0,2024-01-02 00:43:00,2024-01-02 01:21:00,4,10.662887635813982,50.50220333807978,1
1.0,2024-01-02 00:44:00,2024-01-02 01:33:00,3,3.420654067777602,90.21443742763904,1
1.0,2024-01-02 00:45:00,2024-01-02 01:30:00,3,1.7787919166094082,42.50607300398055,1
1.0,2024-01-02 00:46:00,2024-01-02 01:19:00,2,14.72360125016754,95.56580516427816,2
2.0,2024-01-02 00:47:00,2024-01-02 00:55:00,3,11.414490000602113,51.08753123286181,3
1.0,2024-01-02 00:48:00,2024-01-02 00:57:00,2,7.500514977545643,97.50914759299825,2
1.0,2024-01-02 00:49:00,2024-01-02 01:04:00,2,16.26297753871244,5.778840507441409,2
1.0,2024-01-02 00:50:00,2024-01-02 01:45:00,4,8.067140248088661,90.38746060660291,1
1.0,2024-01-02 00:51:00,2024-01-02 01:16:00,6,16.02131924721185,93.45644293461832,2
1.0,2024-01-02 00:52:00,2024-01-02 01:31:00,5,6.462244486491306,96.29698889769526,1
1.0,2024-01-02 00:53:00,2024-01-02 01:09:00,5,1.9204833021313952,6.242270746588411,2
2.0,2024-01-02 00:54:00,2024-01-02 01:24:00,2,18.686474029098616,21.311579472279355,1
2.0,2024-01-02 00:55:00,2024-01-02 01:50:00,2,8.193747020986777,67.10762779385743,1
2.0,2024-01-02 00:56:00,2024-01-02 01:19:00,3,10.128347385114001,7.419905714835178,1
1.0,2024-01-02 00:57:00,2024-01-02 01:46:00,5,5.943310597834937,11.042854636767569,1
1.0,2024-01-02 00:58:00,2024-01-02 01:09:00,1,13.104119686411291,26.00249300087698,1
2.0,2024-01-02 00:59:00,2024-01-02 01:50:00,2,17.529562028525703,53.681778030669,2
2.0,2024-01-02 01:00:00,2024-01-02 01:59:00,1,1.3120584356296163,56.86074313034671,1
2.0,2024-01-02 01:01:00,2024-01-02 01:12:00,3,16.69739741137874,8.254806665382914,1
1.0,2024-01-02 01:02:00,2024-01-02 01:32:00,2,11.640993596952608,21.18488882424546,2
1.0,2024-01-02 01:03:00,2024-01-02 01:47:00,2,12.3456992012171,52.472038966792255,1
1.0,2024-01-02 01:04:00,2024-01-02 01:13:00,1,10.70158101571666,61.4243589896235,2
1.0,2024-01-02 01:05:00,2024-01-02 01:30:00,2,17.552264514031027,19.098161166190454,1
2.0,2024-01-02 01:06:00,2024-01-02 01:24:00,5,1.3469504660949303,42.88993413496221,5
2.0,2024-01-02 01:07:00,2024-01-02 01:15:00,1,5.590053634949038,90.91813646911048,1
2.0,2024-01-02 01:08:00,2024-01-02 01:35:00,3,17.57736950775353,99.89543226938636,1
2.0,2024-01-02 01:09:00,2024-01-02 01:55:00,3,15.170741199373142,98.78537320895842,1
2.0,2024-01-02 01:10:00,2024-01-02 01:34:00,5,0.844080623482814,88.75907847725287,1
2.0,2024-01-02 01:11:00,2024-01-02 01:30:00,1,10.58162252258932,42.49270835524485,4
2.0,2024-01-02 01:12:00,2024-01-02 02:06:00,6,10.82666727389716,70.2245577471045,1
1.0,2024-01-02 01:13:00,2024-01-02 02:09:00,3,8.317201634994252,44.57626163949888,1
1.0,2024-01-02 01:14:00,2024-01-02 02:03:00,6,6.299169975208799,66.61006754829927,1
2.0,2024-01-02 01:15:00,2024-01-02 01:48:00,5,13.79363458304067,34.39608474210091,3
2.0,2024-01-02 01:16:00,2024-01-02 01:28:00,1,4.5519140617427,62.589214092981535,1
2.0,2024-01-02 01:17:00,2024-01-02 02:02:00,1,16.079496960398266,54.75705717252074,5
1.0,2024-01-02 01:18:00,2024-01-02 02:10:00,1,16.1592246349657,7.325625252253996,1
2.0,2024-01-02 01:19:00,2024-01-02 01:42:00,2,8.59759803267,80.1167758558808,1
1.0,2024-01-02 01:20:00,2024-01-02 02:12:00,1,6.0291862127381295,6.130294063289783,1
2.0,2024-01-02 01:21:00,2024-01-02 02:04:00,1,6.035624541018907,32.84981451406367,3
1.0,2024-01-02 01:22:00,2024-01-02 02:12:00,2,9.904680817926096,5.562786218130225,3
1.0,2024-01-02 01:23:00,2024-01-02 01:55:00,1,14.531794882612497,40.73913426304383,1
1.0,2024-01-02 01:24:00,2024-01-02 02:14:00,1,7.497939474380246,11.000250175593234,1
1.0,2024-01-02 01:25:00,2024-01-02 01:56:00,2,12.395845236426156,91.78354184896791,2
1.0,2024-01-02 01:26:00,2024-01-02 01:34:00,1,7.95844698136059,44.48953304047252,1
1.0,2024-01-02 01:27:00,2024-01-02 01:46:00,2,6.438202188451975,48.65209861211896,1
2.0,2024-01-02 01:28:00,2024-01-02 02:07:00,2,0.984760560357986,38.235772428631215,1
2.0,2024-01-02 01:29:00,2024-01-02 02:10:00,2,0.5763250618401174,64.6130846491678,1
1.0,2024-01-02 01:30:00,2024-01-02 01:35:00,5,4.930549717724087,79.51877107872936,1
2.0,2024-01-02 01:31:00,2024-01-02 01:38:00,2,8.42492259261941,66.57394058965289,1
2.0,2024-01-02 01:32:00,2024-01-02 02:23:00,2,17.099592763560175,76.07967624753712,1
1.0,2024-01-02 01:33:00,2024-01-02 02:01:00,2,16.070442737143296,91.06749803337976,3
1.0,2024-01-02 01:34:00,2024-01-02 02:05:00,4,5.7097226204658025,87.03692050878573,1
1.0,2024-01-02 01:35:00,2024-01-02 02:19:00,5,5.268538638193837,69.0355530116011,2
1.0,2024-01-02 01:36:00,2024-01-02 02:16:00,5,4.932780385865535,25.39060647592072,1
2.0,2024-01-02 01:37:00,2024-01-02 02:15:00,3,7.1151281403129065,65.58177084898324,2
1.0,2024-01-02 01:38:00,2024-01-02 02:11:00,1,10.214875031452864,53.07789409534854,1
2.0,2024-01-02 01:39:00,2024-01-02 02:07:00,1,9.05402155461572,73.1358269459899,2
2.0,2024-01-02 01:40:00,2024-01-02 02:08:00,1,4.7563273762391285,84.12850659732692,1
1.0,2024-01-02 01:41:00,2024-01-02 02:27:00,5,3.043802493900552,75.55854223270966,3
2.0,2024-01-02 01:42:00,2024-01-02 01:50:00,3,0.7452673434808099,85.4233111463221,1
1.0,2024-01-02 01:43:00,2024-01-02 01:50:00,3,3.5022831539968253,11.067305467397263,1
2.0,2024-01-02 01:44:00,2024-01-02 02:22:00,2,14.254449218785306,8.003903632559076,5
1.0,2024-01-02 01:45:00,2024-01-02 02:38:00,4,5.250952102238867,29.557553931461424,1
2.0,2024-01-02 01:46:00,2024-01-02 02:13:00,1,9.637735297369442,90.56327799031968,1
2.0,2024-01-02 01:47:00,2024-01-02 02:44:00,1,12.030372404003272,83.24762884347751,4
1.0,2024-01-02 01:48:00,2024-01-02 02:44:00,2,17.793397605216338,69.8590932905546,1
2.0,2024-01-02 01:49:00,2024-01-02 02:16:00,3,17.83267441867168,71.57207340677301,1
2.0,2024-01-02 01:50:00,2024-01-02 02:39:00,2,15.0418078067865,74.03369457953019,5
2.0,2024-01-02 01:51:00,2024-01-02 02:00:00,5,1.1855613449457778,94.54725654605096,1
2.0,2024-01-02 01:52:00,2024-01-02 02:27:00,1,11.71387317216559,84.05815946921797,3
2.0,2024-01-02 01:53:00,2024-01-02 02:50:00,3,15.838377681214377,10.0,1
1.0,2024-01-02 01:54:00,2024-01-02 02:39:00,2,0.8371168728855826,68.24296634942834,2
1.0,2024-01-02 01:55:00,2024-01-02 02:53:00,1,11.218849966303276,25.305324895806585,1
2.0,2024-01-02 01:56:00,2024-01-02 02:06:00,4,17.226400842827573,67.44528838984589,5
1.0,2024-01-02 01:57:00,2024-01-02 02:38:00,4,9.744990478924205,45.34450617975356,1
2.0,2024-01-02 01:58:00,2024-01-02 02:12:00,3,0.5800709565002449,19.53137770754565,1
2.0,2024-01-02 01:59:00,2024-01-02 02:43:00,5,0.7147604875443454,81.60826782842456,2
1.0,2024-01-02 02:00:00,2024-01-02 02:11:00,3,8.624402729568136,53.47347448129884,1
1.0,2024-01-02 02:01:00,2024-01-02 02:44:00,1,3.522669014626714,97.85537896049505,2
2.0,2024-01-02 02:02:00,2024-01-02 02:44:00,3,13.45678781331856,31.75953867507987,3
1.0,2024-01-02 02:03:00,2024-01-02 02:28:00,2,14.321585665670002,50.66366066898229,1
2.0,2024-01-02 02:04:00,2024-01-02 02:28:00,1,3.9686560114822576,47.55956819354248,2
1.0,2024-01-02 02:05:00,2024-01-02 02:12:00,1,17.826399126227454,16.47405463109498,1
2.0,2024-01-02 02:06:00,2024-01-02 03:01:00,3,9.117202977089054,45.48095148892405,1
1.0,2024-01-02 02:07:00,2024-01-02 02:33:00,3,3.2854951980425127,32.31757835998786,1
2.0,2024-01-02 02:08:00,2024-01-02 02:59:00,1,15.402906162353212,20.230444779858768,2
1.0,2024-01-02 02:09:00,2024-01-02 02:17:00,3,15.90450275032707,31.80478048343323,1
2.0,2024-01-02 02:10:00,2024-01-02 02:42:00,5,12.96626171697642,27.15891067030724,2
1.0,2024-01-02 02:11:00,2024-01-02 02:27:00,1,17.142578287449787,74.73698544555842,1
2.0,2024-01-02 02:12:00,2024-01-02 02:54:00,1,14.878772954598093,7.923641934620209,2
2.0,2024-01-02 02:13:00,2024-01-02 03:08:00,4,17.703011875926315,63.65896105175602,1
1.0,2024-01-02 02:14:00,2024-01-02 02:54:00,1,8.96081694546685,77.26282749224262,3
1.0,2024-01-02 02:15:00,2024-01-02 03:06:00,3,15.078143997939128,50.66872836455245,1
1.0,2024-01-02 02:16:00,2024-01-02 03:01:00,1,19.995155486866366,93.49867310075226,1
2.0,2024-01-02 02:17:00,2024-01-02 02:26:00,2,14.636158351632574,72.24866604747085,1
2.0,2024-01-02 02:18:00,2024-01-02 02:35:00,3,2.726583714624077,76.05274687458464,2
2.0,2024-01-02 02:19:00,2024-01-02 02:46:00,3,10.607215087369068,23.708681306882674,1
1.0,2024-01-02 02:20:00,2024-01-02 03:14:00,4,11.953281929239044,78.84307970471198,2
1.0,2024-01-02 02:21:00,2024-01-02 02:55:00,5,3.897108163892124,84.04899992789592,1
2.0,2024-01-02 02:22:00,2024-01-02 03:03:00,4,19.27638686647173,39.32030689856901,2
1.0,2024-01-02 02:23:00,2024-01-02 02:52:00,3,3.923805663875018,25.269491463132265,1
2.0,2024-01-02 02:24:00,2024-01-02 03:16:00,1,3.962379434407844,41.57981452434358,1
1.0,2024-01-02 02:25:00,2024-01-02 02:56:00,2,18.34575919050382,75.26275705501303,1
2.0,2024-01-02 02:26:00,2024-01-02 03:21:00,1,9.571505945872586,44.67570555752676,1
1.0,2024-01-02 02:27:00,2024-01-02 02:45:00,4,1.732171445853066,74.98192814635485,1
1.0,2024-01-02 02:28:00,2024-01-02 03:20:00,2,12.164656248801307,15.788631392866076,4
2.0,2024-01-02 02:29:00,2024-01-02 03:20:00,3,12.235613798344431,81.57111249640602,5
2.0,2024-01-02 02:30:00,2024-01-02 03:28:00,1,1.757764794387955,29.054710756023955,2
2.0,2024-01-02 02:31:00,2024-01-02 03:11:00,4,19.464188664856408,28.648253832886404,1
1.0,2024-01-02 02:32:00,2024-01-02 03:15:00,5,11.108584323244225,61.08619169436677,1
1.0,2024-01-02 02:33:00,2024-01-02 02:53:00,2,11.416016582505405,11.661214345964018,2
2.0,2024-01-02 02:34:00,2024-01-02 03:00:00,5,10.642250582796692,7.498284035043514,1
2.0,2024-01-02 02:35:00,2024-01-02 03:00:00,1,12.40926970307009,29.79772320287768,4
1.0,2024-01-02 02:36:00,2024-01-02 03:34:00,2,5.653845179088221,56.11641731980816,1
1.0,2024-01-02 02:37:00,2024-01-02 03:02:00,5,6.101206285509395,91.22355669139658,5
1.0,2024-01-02 02:38:00,2024-01-02 02:50:00,2,10.47111225102459,85.41134174919415,1
2.0,2024-01-02 02:39:00,2024-01-02 03:32:00,6,16.2303741678898,51.59241369249267,2
1.0,2024-01-02 02:40:00,2024-01-02 03:00:00,1,1.4723592416364877,8.519939400881814,1
1.0,2024-01-02 02:41:00,2024-01-02 03:40:00,1,12.266382138294796,55.84900978978437,3
1.0,2024-01-02 02:42:00,2024-01-02 03:17:00,5,16.232173778873122,71.95558199290308,1
1.0,2024-01-02 02:43:00,2024-01-02 03:29:00,1,3.5598868047259296,37.220630589878205,2
1.0,2024-01-02 02:44:00,2024-01-02 02:58:00,6,0.7929395686210428,15.551013811757196,3
2.0,2024-01-02 02:45:00,2024-01-02 03:21:00,6,6.597909255258433,31.463955554537645,1
1.0,2024-01-02 02:46:00,2024-01-02 03:24:00,1,11.968802281227164,78.30094212444233,1
2.0,2024-01-02 02:47:00,2024-01-02 03:00:00,2,3.1965218813925804,38.368164066916194,1
1.0,2024-01-02 02:48:00,2024-01-02 03:09:00,1,8.809386233963467,82.13824161514246,1
2.0,2024-01-02 02:49:00,2024-01-02 03:04:00,2,11.27026919879842,35.354537921710204,1
2.0,2024-01-02 02:50:00,2024-01-02 03:26:00,1,12.178220347767684,20.53772864931272,1
2.0,2024-01-02 02:51:00,2024-01-02 03:05:00,1,5.851028559507316,46.405594153792784,1
2.0,2024-01-02 02:52:00,2024-01-02 03:18:00,2,8.300577901732682,47.9660786674682,2
1.0,2024-01-02 02:53:00,2024-01-02 03:14:00,2,15.677614966817394,6.5302807621870125,2
1.0,2024-01-02 02:54:00,2024-01-02 03:02:00,6,18.85368653535337,16.119281907100984,1
2.0,2024-01-02 02:55:00,2024-01-02 03:47:00,4,17.306666456806017,22.567971783417654,3
2.0,2024-01-02 02:56:00,2024-01-02 03:52:00,3,11.503528283801922,15.790795150974114,3
2.0,2024-01-02 02:57:00,2024-01-02 03:48:00,2,8.500709657406958,37.44497716502956,1
2.0,2024-01-02 02:58:00,2024-01-02 03:27:00,4,6.992653980242655,96.6391712836167,1
2.0,2024-01-02 02:59:00,2024-01-02 03:24:00,2,2.9366530386383523,53.37614114107241,1
1.0,2024-01-02 03:00:00,2024-01-02 03:41:00,3,2.577749320714203,64.6178222677114,2
1.0,2024-01-02 03:01:00,2024-01-02 03:43:00,6,13.922973685816324,38.85671545968768,2
2.0,2024-01-02 03:02:00,2024-01-02 03:55:00,2,5.565991115337628,35.73133735609888,1
2.0,2024-01-02 03:03:00,2024-01-02 03:08:00,3,5.465902885432713,7.198943331925793,2
1.0,2024-01-02 03:04:00,2024-01-02 03:33:00,4,19.96480356231682,52.53169728922213,1
2.0,2024-01-02 03:05:00,2024-01-02 04:00:00,5,4.16455617853901,50.9428556414083,1
1.0,2024-01-02 03:06:00,2024-01-02 03:46:00,3,3.387165310032178,19.99391898720669,2
2.0,2024-01-02 03:07:00,2024-01-02 03:28:00,1,2.424361941318452,77.61078001963685,2
1.0,2024-01-02 03:08:00,2024-01-02 03:53:00,2,11.806204230752526,51.80406137954528,1
1.0,2024-01-02 03:09:00,2024-01-02 03:37:00,1,12.743344607040978,37.204427165349465,1
2.0,2024-01-02 03:10:00,2024-01-02 03:16:00,4,7.621944562009197,18.956346357178063,4
1.0,2024-01-02 03:11:00,2024-01-02 03:55:00,1,10.94056004247362,57.45527856224618,1
2.0,2024-01-02 03:12:00,2024-01-02 03:31:00,5,15.873790853425795,76.51761747843692,2
2.0,2024-01-02 03:13:00,2024-01-02 03:49:00,1,16.453031282274093,31.78993850507231,1
2.0,2024-01-02 03:14:00,2024-01-02 03:57:00,1,19.179285476455146,25.785463399788643,1
1.0,2024-01-02 03:15:00,2024-01-02 03:25:00,2,16.573225725496055,54.58382158613481,1
1.0,2024-01-02 03:16:00,2024-01-02 03:21:00,3,11.51440801598982,19.75761373845161,1
1.0,2024-01-02 03:17:00,2024-01-02 04:08:00,1,4.003310833818497,68.32827172645707,2
2.0,2024-01-02 03:18:00,2024-01-02 03:45:00,2,2.4453893752054268,62.50764465470189,1
2.0,2024-01-02 03:19:00,2024-01-02 04:02:00,2,1.5629818532617543,13.27279471118572,1
2.0,2024-01-02 03:20:00,2024-01-02 03:41:00,1,13.497253719814982,8.469436041230518,1
2.0,2024-01-02 03:21:00,2024-01-02 03:59:00,1,16.246956980260865,63.927421995915566,1
2.0,2024-01-02 03:22:00,2024-01-02 04:07:00,4,10.41933703833954,32.957908528930375,4
2.0,2024-01-02 03:23:00,2024-01-02 03:56:00,2,1.566926409255979,13.21234655147286,2
1.0,2024-01-02 03:24:00,2024-01-02 03:37:00,1,10.941676204531095,77.14572697086622,1
2.0,2024-01-02 03:25:00,2024-01-02 03:42:00,4,18.74711059972873,34.83418028667619,2
1.0,2024-01-02 03:26:00,2024-01-02 03:36:00,6,12.15345722318298,48.66195721563124,2
2.0,2024-01-02 03:27:00,2024-01-02 03:37:00,3,16.28383602502489,27.49722810810808,2
2.0,2024-01-02 03:28:00,2024-01-02 03:52:00,2,16.10297664363914,64.59512244400663,1
2.0,2024-01-02 03:29:00,2024-01-02 04:25:00,5,18.67651744572273,33.64139945866415,1
1.0,2024-01-02 03:30:00,2024-01-02 04:27:00,6,15.51946093017253,96.96199131662468,1
1.0,2024-01-02 03:31:00,2024-01-02 03:38:00,4,15.080160023255246,71.78001711860612,3
1.0,2024-01-02 03:32:00,2024-01-02 03:53:00,2,5.065001966927492,17.98861625547925,2
1.0,2024-01-02 03:33:00,2024-01-02 04:26:00,3,1.6685405287610882,44.58600976897935,1
1.0,2024-01-02 03:34:00,2024-01-02 03:50:00,3,10.593189568549253,41.61500447433846,1
2.0,2024-01-02 03:35:00,2024-01-02 04:27:00,1,2.9264670549617264,55.7534755184364,1
2.0,2024-01-02 03:36:00,2024-01-02 04:27:00,2,19.26281958742083,84.98341407552907,1
1.0,2024-01-02 03:37:00,2024-01-02 03:27:00,4,6.153532871344058,60.42509144238517,5
1.0,2024-01-02 03:38:00,2024-01-02 04:37:00,3,17.132411965993715,10.847884371999932,1
1.0,2024-01-02 03:39:00,2024-01-02 03:44:00,2,8.058680191447957,67.26449119627122,1
2.0,2024-01-02 03:40:00,2024-01-02 04:01:00,3,6.80228787221886,5.785203304856548,5
2.0,2024-01-02 03:41:00,2024-01-02 03:48:00,1,18.735592161344112,79.09624375133734,1
2.0,2024-01-02 03:42:00,2024-01-02 04:12:00,2,7.584790155681367,68.330426879068,2
1.0,2024-01-02 03:43:00,2024-01-02 04:02:00,4,8.110614218931161,34.33463754349567,1
2.0,2024-01-02 03:44:00,2024-01-02 04:24:00,1,2.568789702451729,32.781971436004,1
2.0,2024-01-02 03:45:00,2024-01-02 04:21:00,1,13.573709973008931,80.83593467189903,1
1.0,2024-01-02 03:46:00,2024-01-02 04:22:00,6,6.132368582311513,79.41698573283895,2
2.0,2024-01-02 03:47:00,2024-01-02 03:55:00,1,11.919281272870393,38.4687236657922,1
1.0,2024-01-02 03:48:00,2024-01-02 04:10:00,1,12.031358229037584,33.40003416757913,1
2.0,2024-01-02 03:49:00,2024-01-02 04:42:00,6,14.524394064117455,58.18335494386505,2
1.0,2024-01-02 03:50:00,2024-01-02 04:13:00,3,15.032208980362604,5.794737698493697,1
2.0,2024-01-02 03:51:00,2024-01-02 04:38:00,3,10.53182247083002,12.853368608721516,1
2.0,2024-01-02 03:52:00,2024-01-02 04:48:00,5,6.954342978266358,16.986111064129993,1
2.0,2024-01-02 03:53:00,2024-01-02 04:32:00,1,16.830292449277312,22.61412269358155,1
2.0,2024-01-02 03:54:00,2024-01-02 04:38:00,3,6.542380163465452,53.64172203416956,2
1.0,2024-01-02 03:55:00,2024-01-02 04:13:00,2,10.396427342151965,99.2629819118066,2
1.0,2024-01-02 03:56:00,2024-01-02 04:33:00,4,8.324425372472696,66.99827316599858,5
1.0,2024-01-02 03:57:00,2024-01-02 04:15:00,2,17.174028526408918,10.0,2
1.0,2024-01-02 03:58:00,2024-01-02 04:36:00,3,8.92241135734366,54.930040535912966,1
2.0,2024-01-02 03:59:00,2024-01-02 04:58:00,2,8.028934182330943,52.18129517700292,3
1.0,2024-01-02 04:00:00,2024-01-02 04:08:00,2,13.951562011503931,18.6959425027147,1
2.0,2024-01-02 04:01:00,2024-01-02 04:29:00,4,12.247601642298132,92.42587503622872,1
2.0,2024-01-02 04:02:00,2024-01-02 04:35:00,3,2.591313253168998,46.87269852916005,1
2.0,2024-01-02 04:03:00,2024-01-02 04:26:00,3,10.409291723707282,99.48311835792528,1
1.0,2024-01-02 04:04:00,2024-01-02 04:14:00,2,14.84182857249833,44.90686804895561,2
2.0,2024-01-02 04:05:00,2024-01-02 04:42:00,2,19.845457909531447,62.75598175494288,1
2.0,2024-01-02 04:06:00,2024-01-02 04:59:00,3,12.768363262421223,14.952440962886806,1
1.0,2024-01-02 04:07:00,2024-01-02 04:51:00,4,7.720714795605696,48.15164326165257,1
2.0,2024-01-02 04:08:00,2024-01-02 04:31:00,3,4.909956196141309,27.682759930377465,1
2.0,2024-01-02 04:09:00,2024-01-02 05:06:00,5,17.520189565989746,84.37865586426733,1
1.0,2024-01-02 04:10:00,2024-01-02 04:15:00,4,16.384021636213305,79.47236056241628,2
2.0,2024-01-02 04:11:00,2024-01-02 04:20:00,3,5.0614950051980045,83.29709996440906,1
1.0,2024-01-02 04:12:00,2024-01-02 04:43:00,3,4.412325757858183,73.74289658700538,3
1.0,2024-01-02 04:13:00,2024-01-02 04:33:00,5,14.445167147817925,84.10490624390486,1
1.0,2024-01-02 04:14:00,2024-01-02 04:24:00,3,6.64156520741581,24.07873126661748,1
1.0,2024-01-02 04:15:00,2024-01-02 04:59:00,4,6.474776568058178,47.94415877508116,2
1.0,2024-01-02 04:16:00,2024-01-02 04:33:00,3,3.4696598178192777,70.72545359486698,3
1.0,2024-01-02 04:17:00,2024-01-02 05:09:00,3,5.647522634341684,65.55228730383782,1
2.0,2024-01-02 04:18:00,2024-01-02 04:57:00,1,8.836397373056666,73.05367587303826,2
2.0,2024-01-02 04:19:00,2024-01-02 04:42:00,2,14.790347576812104,26.304546399367013,5
2.0,2024-01-02 04:20:00,2024-01-02 04:36:00,6,7.05800784106812,14.351297359274026,5
1.0,2024-01-02 04:21:00,2024-01-02 04:41:00,3,6.907784619856932,92.09662491710375,2
1.0,2024-01-02 04:22:00,2024-01-02 05:09:00,3,6.055808424772499,58.216330078899055,2
2.0,2024-01-02 04:23:00,2024-01-02 04:37:00,5,9.82653151646534,19.61346282820404,1
1.0,2024-01-02 04:24:00,2024-01-02 04:53:00,3,4.022415609855649,80.37647527929934,3
1.0,2024-01-02 04:25:00,2024-01-02 04:49:00,2,9.969799313626448,91.91834397978184,1
2.0,2024-01-02 04:26:00,2024-01-02 05:01:00,4,14.231423345796452,21.10853426425536,5
1.0,2024-01-02 04:27:00,2024-01-02 04:35:00,3,1.0809148286361323,82.6541832505655,1
2.0,2024-01-02 04:28:00,2024-01-02 05:16:00,1,0.6906979159623563,93.6563808253172,1
2.0,2024-01-02 04:29:00,2024-01-02 04:56:00,2,1.9648967480129296,94.14435202812165,1
1.0,2024-01-02 04:30:00,2024-01-02 04:36:00,2,10.945371203698183,91.8448638570826,1
1.0,2024-01-02 04:31:00,2024-01-02 04:57:00,2,17.161874122115368,56.909996174209766,1
2.0,2024-01-02 04:32:00,2024-01-02 05:27:00,2,0.5952470873949129,38.84007513911758,1
1.0,2024-01-02 04:33:00,2024-01-02 05:14:00,2,18.76489543940128,5.690916730930883,2
1.0,2024-01-02 04:34:00,2024-01-02 04:46:00,1,2.572430975625448,10.786661552795074,2
2.0,2024-01-02 04:35:00,2024-01-02 04:46:00,2,16.918678797135414,45.73970645325211,1
1.0,2024-01-02 04:36:00,2024-01-02 04:54:00,1,9.915667917167465,42.93598390719348,2
2.0,2024-01-02 04:37:00,2024-01-02 05:36:00,3,13.357469051937455,22.547821409138905,1
2.0,2024-01-02 04:38:00,2024-01-02 04:45:00,5,10.458318196720056,42.5706026630074,1
1.0,2024-01-02 04:39:00,2024-01-02 05:33:00,3,9.802440390997416,21.59175621825997,2
1.0,2024-01-02 04:40:00,2024-01-02 05:00:00,2,16.780538853105632,85.63516901370485,3
1.0,2024-01-02 04:41:00,2024-01-02 05:40:00,1,15.239784401572418,33.32851339818189,1
1.0,2024-01-02 04:42:00,2024-01-02 05:05:00,1,9.92634361219858,61.86361326503945,1
1.0,2024-01-02 04:43:00,2024-01-02 05:38:00,2,2.676900623223201,52.77009088991325,1
2.0,2024-01-02 04:44:00,2024-01-02 05:06:00,1,2.750357706630959,9.92879737142926,1
1.0,2024-01-02 04:45:00,2024-01-02 05:41:00,2,16.13001948402197,94.5122033516608,1
2.0,2024-01-02 04:46:00,2024-01-02 05:06:00,1,10.823117116276904,55.08646793379592,5
2.0,2024-01-02 04:47:00,2024-01-02 04:59:00,4,9.890988234277572,35.880476122222454,3
2.0,2024-01-02 04:48:00,2024-01-02 05:25:00,2,13.771053406533944,20.022024115141484,2
2.0,2024-01-02 04:49:00,2024-01-02 05:42:00,1,17.247410876578076,37.1600302990494,1
1.0,2024-01-02 04:50:00,2024-01-02 05:06:00,4,12.763026316059452,6.948602287222003,2
2.0,2024-01-02 04:51:00,2024-01-02 05:48:00,2,15.375534095756342,39.53802475808829,1
2.0,2024-01-02 04:52:00,2024-01-02 05:07:00,1,15.42277522028066,55.49116309392796,1
1.0,2024-01-02 04:53:00,2024-01-02 05:02:00,3,7.447098251462702,87.82729335583976,1
1.0,2024-01-02 04:54:00,2024-01-02 05:25:00,3,5.844622314999416,70.30056968129077,2
2.0,2024-01-02 04:55:00,2024-01-02 05:11:00,3,16.122699309915596,15.600319747657934,4
1.0,2024-01-02 04:56:00,2024-01-02 05:17:00,1,7.854986439792748,19.035900821606305,1
1.0,2024-01-02 04:57:00,2024-01-02 05:07:00,2,18.11505212719275,45.6717199427456,1
1.0,2024-01-02 04:58:00,2024-01-02 05:35:00,1,1.8589685862373329,23.592236405684844,1
1.0,2024-01-02 04:59:00,2024-01-02 05:08:00,1,1.6352414854691233,7.645728870361797,3
2.0,2024-01-02 05:00:00,2024-01-02 05:32:00,5,18.576581121977465,81.47641361121667,1
2.0,2024-01-02 05:01:00,2024-01-02 05:19:00,3,13.14487082653798,6.854644216309442,1
2.0,2024-01-02 05:02:00,2024-01-02 05:11:00,2,7.90218745074248,83.91551249381133,2
1.0,2024-01-02 05:03:00,2024-01-02 06:01:00,3,15.223678088915564,18.689876488131773,1
1.0,2024-01-02 05:04:00,2024-01-02 05:41:00,1,10.128347385114001,97.59444902667605,1
1.0,2024-01-02 05:05:00,2024-01-02 05:59:00,5,10.858420412982127,62.36802162348806,1
1.0,2024-01-02 05:06:00,2024-01-02 05:58:00,1,2.4280301819217014,74.82338230484007,2
1.0,2024-01-02 05:07:00,2024-01-02 05:52:00,1,16.337501952208655,15.495944656966165,1
2.0,2024-01-02 05:08:00,2024-01-02 05:31:00,2,17.38745221827218,86.8998869778906,5
1.0,2024-01-02 05:09:00,2024-01-02 05:35:00,3,3.8572894267766578,84.72327257279615,2
2.0,2024-01-02 05:10:00,2024-01-02 05:19:00,3,17.0849772135528,67.03430949646318,1
1.0,2024-01-02 05:11:00,2024-01-02 05:17:00,1,17.618022564823,52.71611213656181,1
1.0,2024-01-02 05:12:00,2024-01-02 05:46:00,2,11.213857939626063,73.54147144750888,1
1.0,2024-01-02 05:13:00,2024-01-02 06:04:00,2,13.295491206342398,5.5631804570034245,1
2.0,2024-01-02 05:14:00,2024-01-02 05:57:00,1,7.953627740282582,61.28187176285365,4
2.0,2024-01-02 05:15:00,2024-01-02 05:23:00,5,5.994937126430687,85.50358281827748,3
2.0,2024-01-02 05:16:00,2024-01-02 05:53:00,1,14.578671365557073,38.90548928160171,1
1.0,2024-01-02 05:17:00,2024-01-02 05:34:00,2,17.30656540580826,15.287488865877098,1
1.0,2024-01-02 05:18:00,2024-01-02 05:42:00,3,13.254512282637076,44.98333872560459,1
2.0,2024-01-02 05:19:00,2024-01-02 06:17:00,1,10.47601690760771,74.07492266055816,1
1.0,2024-01-02 05:20:00,2024-01-02 05:31:00,3,3.5990329534613457,15.193614985213893,1
2.0,2024-01-02 05:21:00,2024-01-02 05:40:00,4,1.542444895793954,24.57461322022455,1
1.0,2024-01-02 05:22:00,2024-01-02 05:49:00,1,10.128347385114001,19.01742544872649,5
1.0,2024-01-02 05:23:00,2024-01-02 05:41:00,5,1.4623164920997147,80.71003677964637,1
1.0,2024-01-02 05:24:00,2024-01-02 05:51:00,3,11.60202532219089,10.974799132986249,1
1.0,2024-01-02 05:25:00,2024-01-02 05:48:00,1,7.96321923069654,70.22571770087113,3
2.0,2024-01-02 05:26:00,2024-01-02 06:24:00,2,15.265187833798404,39.81340747155318,1
1.0,2024-01-02 05:27:00,2024-01-02 06:00:00,2,6.460145688305577,76.80016807410372,1
1.0,2024-01-02 05:28:00,2024-01-02 05:52:00,3,12.063162668864926,96.61642478448358,1
1.0,2024-01-02 05:29:00,2024-01-02 06:02:00,4,10.98482867422446,15.88180346071582,1
1.0,2024-01-02 05:30:00,2024-01-02 05:58:00,4,0.5918922976837027,34.86657890140855,5
2.0,2024-01-02 05:31:00,2024-01-02 05:53:00,6,1.911593266154052,81.96191563329141,4
2.0,2024-01-02 05:32:00,2024-01-02 05:46:00,4,6.1621801434774,30.285046674861764,4
2.0,2024-01-02 05:33:00,2024-01-02 06:18:00,3,17.703584079904918,25.436456719373886,3
2.0,2024-01-02 05:34:00,2024-01-02 05:46:00,2,3.366791620545682,83.4109078975523,1
1.0,2024-01-02 05:35:00,2024-01-02 06:05:00,2,14.36243944398056,98.77282458056716,4
2.0,2024-01-02 05:36:00,2024-01-02 06:09:00,1,19.4806480399696,57.90365606405675,5
1.0,2024-01-02 05:37:00,2024-01-02 05:51:00,3,15.916067277477527,31.41463109166723,1
1.0,2024-01-02 05:38:00,2024-01-02 05:59:00,2,5.237434552897357,42.86376635200513,1
2.0,2024-01-02 05:39:00,2024-01-02 05:45:00,1,18.21312257805509,21.16238110144285,1
1.0,2024-01-02 05:40:00,2024-01-02 05:50:00,1,2.3155895519136065,77.37929149462148,1
2.0,2024-01-02 05:41:00,2024-01-02 05:50:00,2,9.628767866479349,78.48003169316296,1
1.0,2024-01-02 05:42:00,2024-01-02 06:14:00,3,17.807067200665067,88.13649427633698,4
2.0,2024-01-02 05:43:00,2024-01-02 06:28:00,2,13.00468133050896,7.527243541673569,4
2.0,2024-01-02 05:44:00,2024-01-02 05:53:00,3,8.566069012190127,58.38822745450603,1
2.0,2024-01-02 05:45:00,2024-01-02 06:07:00,2,6.209850901374791,25.35426626260252,1
2.0,2024-01-02 05:46:00,2024-01-02 06:16:00,3,7.814438403707824,37.38388647177393,3
2.0,2024-01-02 05:47:00,2024-01-02 06:11:00,1,10.42436472968108,79.57078345221821,2
1.0,2024-01-02 05:48:00,2024-01-02 06:33:00,1,6.721356632519744,23.243196974342137,1
2.0,2024-01-02 05:49:00,2024-01-02 06:42:00,3,19.394873310604844,65.64246630520353,2
1.0,2024-01-02 05:50:00,2024-01-02 06:21:00,2,18.69501423478983,67.18378816624183,3
2.0,2024-01-02 05:51:00,2024-01-02 06:44:00,1,17.478093630179256,95.63892191571856,4
2.0,2024-01-02 05:52:00,2024-01-02 06:08:00,2,8.725681792691741,78.64028821024901,1
2.0,2024-01-02 05:53:00,2024-01-02 06:04:00,1,13.980384502036964,81.34533897960088,1
1.0,2024-01-02 05:54:00,2024-01-02 06:01:00,2,18.10517148720131,55.50207115669988,4
1.0,2024-01-02 05:55:00,2024-01-02 06:09:00,2,17.083375009739097,22.744176680425213,1
2.0,2024-01-02 05:56:00,2024-01-02 06:34:00,3,8.57937677339405,45.428519743243406,2
1.0,2024-01-02 05:57:00,2024-01-02 06:26:00,4,2.691527961784084,57.201509483622935,1
1.0,2024-01-02 05:58:00,2024-01-02 06:37:00,1,1.9747920947737143,69.44982891280267,1
1.0,2024-01-02 05:59:00,2024-01-02 06:19:00,6,11.7527488819012,62.732365624033086,1
2.0,2024-01-02 06:00:00,2024-01-02 06:06:00,2,13.031244736613168,42.427893747138135,1
2.0,2024-01-02 06:01:00,2024-01-02 06:29:00,3,17.07193078964197,30.204745164604937,4
1.0,2024-01-02 06:02:00,2024-01-02 06:16:00,3,6.2040428966501056,20.98193010434989,1
1.0,2024-01-02 06:03:00,2024-01-02 06:45:00,3,3.7656745657258286,70.9153116958653,3
1.0,2024-01-02 06:04:00,2024-01-02 06:30:00,2,7.89061374697489,66.31287405968607,3
2.0,2024-01-02 06:05:00,2024-01-02 06:35:00,2,7.3947149108293635,70.30038424699163,1
2.0,2024-01-02 06:06:00,2024-01-02 06:53:00,1,3.083144603348168,40.39010801626552,2
1.0,2024-01-02 06:07:00,2024-01-02 07:06:00,1,13.609511724006468,29.92874314422078,1
1.0,2024-01-02 06:08:00,2024-01-02 06:51:00,2,10.41949284422283,77.1735262246879,2
1.0,2024-01-02 06:09:00,2024-01-02 06:40:00,2,14.561893744237942,78.49650253025673,1
2.0,2024-01-02 06:10:00,2024-01-02 06:43:00,2,7.377476843309827,48.28355552684986,1
2.0,2024-01-02 06:11:00,2024-01-02 07:02:00,1,6.851193125765195,63.1308880528958,1
1.0,2024-01-02 06:12:00,2024-01-02 06:54:00,3,9.715229134355186,40.48436810201542,2
1.0,2024-01-02 06:13:00,2024-01-02 06:37:00,5,17.609443235205365,71.68498401138164,4
1.0,2024-01-02 06:14:00,2024-01-02 06:45:00,5,1.2854854813126166,84.39355168154778,1
2.0,2024-01-02 06:15:00,2024-01-02 07:00:00,2,16.194239937281203,70.38216134688669,1
1.0,2024-01-02 06:16:00,2024-01-02 07:14:00,3,7.6952584468262515,53.69534955047797,1
2.0,2024-01-02 06:17:00,2024-01-02 06:41:00,5,17.165071002875315,48.57250615177518,3
2.0,2024-01-02 06:18:00,2024-01-02 07:06:00,2,16.1429586722992,66.02036684269571,1
1.0,2024-01-02 06:19:00,2024-01-02 06:42:00,2,7.300844324223723,69.58203470212638,2
1.0,2024-01-02 06:20:00,2024-01-02 06:44:00,5,14.030592438771512,58.07929713483121,1
1.0,2024-01-02 06:21:00,2024-01-02 07:00:00,2,3.6128387570820815,64.36951613520253,1
2.0,2024-01-02 06:22:00,2024-01-02 07:13:00,2,17.977490267193865,14.17592483698056,3
2.0,2024-01-02 06:23:00,2024-01-02 06:29:00,1,8.387575756812232,95.41772403352104,2
2.0,2024-01-02 06:24:00,2024-01-02 06:58:00,1,9.384699499426404,80.12344105454324,2
2.0,2024-01-02 06:25:00,2024-01-02 07:22:00,4,14.262301495221203,40.523147622144464,1
1.0,2024-01-02 06:26:00,2024-01-02 07:04:00,3,16.506384615744594,58.46719804059485,3
2.0,2024-01-02 06:27:00,2024-01-02 06:53:00,2,5.108683494900087,9.495830362960028,1
2.0,2024-01-02 06:28:00,2024-01-02 06:35:00,1,13.396327727601411,8.916642329910736,4
1.0,2024-01-02 06:29:00,2024-01-02 06:39:00,3,8.143961855838395,28.825841835636457,1
2.0,2024-01-02 06:30:00,2024-01-02 06:49:00,3,7.689707018077246,70.52165602463921,1
2.0,2024-01-02 06:31:00,2024-01-02 07:02:00,1,13.955503566842768,85.9540360410011,1
2.0,2024-01-02 06:32:00,2024-01-02 06:46:00,5,8.05007384604072,58.12265859808559,1
2.0,2024-01-02 06:33:00,2024-01-02 06:46:00,1,7.249115753205949,55.55261026032348,1
2.0,2024-01-02 06:34:00,2024-01-02 07:11:00,2,16.799823958461726,43.219405710189264,3
2.0,2024-01-02 06:35:00,2024-01-02 07:11:00,3,2.4748844147046243,20.35180581601201,2
1.0,2024-01-02 06:36:00,2024-01-02 07:28:00,1,13.679906145189108,16.243639626025814,5
1.0,2024-01-02 06:37:00,2024-01-02 06:47:00,4,5.35014517891718,77.26457731599177,1
2.0,2024-01-02 06:38:00,2024-01-02 07:23:00,3,0.802215715610711,93.11283737317468,1
1.0,2024-01-02 06:39:00,2024-01-02 07:19:00,4,3.751903243017495,48.53690555669595,3
1.0,2024-01-02 06:40:00,2024-01-02 06:46:00,1,12.32989983062942,67.64733757798564,1
1.0,2024-01-02 06:41:00,2024-01-02 07:14:00,1,14.32798023397578,91.8734768336894,1
1.0,2024-01-02 06:42:00,2024-01-02 06:50:00,1,0.9106267793482408,13.560795128743733,3
2.0,2024-01-02 06:43:00,2024-01-02 06:48:00,2,1.210296144383543,78.19573804630784,1
2.0,2024-01-02 06:44:00,2024-01-02 07:07:00,3,18.099571239437587,63.59760401567964,1
1.0,2024-01-02 06:45:00,2024-01-02 07:15:00,4,1.9294634532175368,61.87053198883682,3
1.0,2024-01-02 06:46:00,2024-01-02 07:15:00,3,17.93655209302314,32.791340705749136,1
1.0,2024-01-02 06:47:00,2024-01-02 07:01:00,5,4.949235318142662,69.9698687038793,3
2.0,2024-01-02 06:48:00,2024-01-02 07:45:00,3,14.93034710308515,80.50578670797377,1
2.0,2024-01-02 06:49:00,2024-01-02 07:08:00,2,6.539798354447235,15.72152566965123,2
1.0,2024-01-02 06:50:00,2024-01-02 07:16:00,1,17.245664499379085,55.68453594319346,1
2.0,2024-01-02 06:51:00,2024-01-02 07:46:00,3,14.15886987577498,14.620192193803918,2
2.0,2024-01-02 06:52:00,2024-01-02 07:44:00,1,8.335362442733055,87.89453183327623,1
2.0,2024-01-02 06:53:00,2024-01-02 07:18:00,1,1.987897856394551,53.22548865235299,3
2.0,2024-01-02 06:54:00,2024-01-02 07:20:00,2,14.787653585480736,81.75674047977195,1
1.0,2024-01-02 06:55:00,2024-01-02 07:35:00,4,12.52925274132104,39.96813557829036,1
2.0,2024-01-02 06:56:00,2024-01-02 07:34:00,1,0.5567784977588804,16.882431547550915,2
1.0,2024-01-02 06:57:00,2024-01-02 07:31:00,4,0.6836871914626839,8.94243391664259,1
2.0,2024-01-02 06:58:00,2024-01-02 07:27:00,4,16.27146297725753,31.743413973375677,1
2.0,2024-01-02 06:59:00,2024-01-02 07:48:00,2,5.55829490663615,28.202201534587463,1
2.0,2024-01-02 07:00:00,2024-01-02 07:32:00,1,12.90460652069728,58.23343753189638,1
2.0,2024-01-02 07:01:00,2024-01-02 07:06:00,1,9.357181185422323,7.065189616052199,1
1.0,2024-01-02 07:02:00,2024-01-02 07:55:00,3,17.33688528317446,54.45420170842147,1
2.0,2024-01-02 07:03:00,2024-01-02 07:52:00,3,18.38074170549853,42.2183154911403,1
2.0,2024-01-02 07:04:00,2024-01-02 07:12:00,5,10.128347385114001,59.826615641872,2
2.0,2024-01-02 07:05:00,2024-01-02 07:16:00,3,3.496840648241313,71.72966517428463,1
1.0,2024-01-02 07:06:00,2024-01-02 07:59:00,1,17.32779890627177,65.23873478258471,1
1.0,2024-01-02 07:07:00,2024-01-02 07:20:00,1,5.687416846211635,98.5412150904698,5
1.0,2024-01-02 07:08:00,2024-01-02 07:48:00,3,12.0209095604624,18.13520766830275,3
2.0,2024-01-02 07:09:00,2024-01-02 07:32:00,1,10.362570260449612,45.82501584832896,1
2.0,2024-01-02 07:10:00,2024-01-02 07:15:00,2,0.8507685656615593,45.35891998111456,1
1.0,2024-01-02 07:11:00,2024-01-02 07:25:00,2,18.68903995816885,44.62005435177746,4
2.0,2024-01-02 07:12:00,2024-01-02 07:52:00,1,2.02737757540976,68.06084724405349,1
2.0,2024-01-02 07:13:00,2024-01-02 07:26:00,1,13.920268928450849,51.53366575193864,1
2.0,2024-01-02 07:14:00,2024-01-02 08:03:00,2,15.80763330606111,54.15609318223149,1
2.0,2024-01-02 07:15:00,2024-01-02 08:05:00,1,16.008113056429842,46.073819253942645,2
2.0,2024-01-02 07:16:00,2024-01-02 08:02:00,1,3.1421431191124736,99.21144879676343,1
2.0,2024-01-02 07:17:00,2024-01-02 07:53:00,3,9.227614034905455,93.118328137809,2
1.0,2024-01-02 07:18:00,2024-01-02 07:54:00,4,16.673862973462608,34.23379798961524,2
2.0,2024-01-02 07:19:00,2024-01-02 07:29:00,1,6.402244602385716,15.601422852833382,1
2.0,2024-01-02 07:20:00,2024-01-02 08:12:00,4,9.62109916980594,84.77764878366727,3
2.0,2024-01-02 07:21:00,2024-01-02 08:03:00,2,5.819480907646993,99.73117388544382,1
2.0,2024-01-02 07:22:00,2024-01-02 07:43:00,2,9.53925264876382,32.79784493376633,1
2.0,2024-01-02 07:23:00,2024-01-02 07:37:00,5,17.81283949056116,38.9895679549678,1
1.0,2024-01-02 07:24:00,2024-01-02 08:18:00,3,9.374922505139004,94.45515224109428,1
1.0,2024-01-02 07:25:00,2024-01-02 07:56:00,4,11.340284332949247,72.55730421029354,1
1.0,2024-01-02 07:26:00,2024-01-02 08:24:00,1,8.37753752441013,33.08564151906543,1
1.0,2024-01-02 07:27:00,2024-01-02 08:21:00,1,9.472285072464848,60.19941667197193,1
2.0,2024-01-02 07:28:00,2024-01-02 08:07:00,5,0.7958968814052232,94.70181003960433,1
2.0,2024-01-02 07:29:00,2024-01-02 08:25:00,2,6.033037444228892,82.12224515984896,1
1.0,2024-01-02 07:30:00,2024-01-02 07:55:00,1,9.013343573965576,75.47410780422267,2
1.0,2024-01-02 07:31:00,2024-01-02 08:00:00,3,12.859041031858212,75.01464961406712,1
2.0,2024-01-02 07:32:00,2024-01-02 08:04:00,4,9.276012645800895,21.91193080776568,2
1.0,2024-01-02 07:33:00,2024-01-02 08:24:00,5,7.087432344770499,83.34471772665397,1
2.0,2024-01-02 07:34:00,2024-01-02 07:53:00,2,8.067925339211065,31.23127008212852,1
2.0,2024-01-02 07:35:00,2024-01-02 07:43:00,5,5.224719919409098,93.3848325006453,1
2.0,2024-01-02 07:36:00,2024-01-02 08:09:00,1,18.527638514094036,39.64079914630938,1
1.0,2024-01-02 07:37:00,2024-01-02 07:50:00,1,10.673992902922835,86.47773771901437,1
1.0,2024-01-02 07:38:00,2024-01-02 08:09:00,3,0.7614843505064006,30.29218197919113,1
2.0,2024-01-02 07:39:00,2024-01-02 08:09:00,1,0.879202039181159,53.88005897531284,5
2.0,2024-01-02 07:40:00,2024-01-02 08:03:00,2,19.47275188156481,15.154103071460751,5
1.0,2024-01-02 07:41:00,2024-01-02 08:13:00,3,4.818292381778278,67.71129578463653,1
2.0,2024-01-02 07:42:00,2024-01-02 08:03:00,2,16.209361631879137,84.42753114084964,2
1.0,2024-01-02 07:43:00,2024-01-02 08:30:00,1,1.6363683804312024,73.25249172372953,1
2.0,2024-01-02 07:44:00,2024-01-02 08:29:00,1,18.462673365543708,54.70955872917244,1
1.0,2024-01-02 07:45:00,2024-01-02 08:31:00,2,17.55113157150023,9.286008467138652,2
2.0,2024-01-02 07:46:00,2024-01-02 08:40:00,2,11.636316667473036,93.67689568123156,1
1.0,2024-01-02 07:47:00,2024-01-02 08:11:00,4,0.6754738170234875,72.02150711497029,1
1.0,2024-01-02 07:48:00,2024-01-02 08:37:00,4,5.527312043455082,75.85710264470663,1
1.0,2024-01-02 07:49:00,2024-01-02 08:33:00,2,8.433041624270068,80.49465467352668,1
1.0,2024-01-02 07:50:00,2024-01-02 08:33:00,4,9.471250276577454,76.03562546312301,1
2.0,2024-01-02 07:51:00,2024-01-02 08:44:00,1,6.304735791966254,46.9060355893417,1
2.0,2024-01-02 07:52:00,2024-01-02 08:49:00,1,1.1424834307878349,74.69407378235495,1
1.0,2024-01-02 07:53:00,2024-01-02 08:20:00,4,12.007484415567571,64.37754484198125,1
1.0,2024-01-02 07:54:00,2024-01-02 08:45:00,2,10.72101602004774,86.13155169853472,2
2.0,2024-01-02 07:55:00,2024-01-02 08:31:00,6,6.018512390867016,81.2336824570502,1
2.0,2024-01-02 07:56:00,2024-01-02 08:52:00,2,1.2405313676073273,8.930566334389688,2
2.0,2024-01-02 07:57:00,2024-01-02 08:48:00,4,19.894586650827836,40.9942735815975,2
1.0,2024-01-02 07:58:00,2024-01-02 08:35:00,2,9.898730643114916,8.298034457469985,2
1.0,2024-01-02 07:59:00,2024-01-02 08:49:00,2,15.242082714594504,14.697117852779302,2
2.0,2024-01-02 08:00:00,2024-01-02 08:09:00,2,9.32012368350104,62.13401859034308,1
1.0,2024-01-02 08:01:00,2024-01-02 08:48:00,3,1.341820671827358,88.01307301041408,1
1.0,2024-01-02 08:03:00,2024-01-02 08:41:00,5,6.742147749615073,47.853482309349,5
2.0,2024-01-02 08:04:00,2024-01-02 08:48:00,1,16.84788162895581,91.53349595661216,1
1.0,2024-01-02 08:05:00,2024-01-02 08:20:00,1,13.25748457099755,82.35859344880083,1
2.0,2024-01-02 08:06:00,2024-01-02 09:00:00,2,5.8708831209697205,54.36845016426334,1
1.0,2024-01-02 08:07:00,2024-01-02 08:14:00,3,19.370929115852174,78.29928673623894,5
2.0,2024-01-02 08:08:00,2024-01-02 08:45:00,5,6.770065731758492,54.65590853423102,1
1.0,2024-01-02 08:09:00,2024-01-02 08:24:00,2,19.965563503660047,20.018772041870637,1
2.0,2024-01-02 08:10:00,2024-01-02 08:30:00,3,19.925192016820134,16.849930756059514,1
2.0,2024-01-02 08:11:00,2024-01-02 08:33:00,2,4.228605096061465,22.894982046371627,5
2.0,2024-01-02 08:12:00,2024-01-02 08:46:00,3,6.598451765673803,38.33759902173955,1
2.0,2024-01-02 08:13:00,2024-01-02 09:05:00,5,9.977861870450756,93.40028042903177,1
2.0,2024-01-02 08:14:00,2024-01-02 09:13:00,1,13.449963087383871,80.96944929709213,2
2.0,2024-01-02 08:15:00,2024-01-02 08:29:00,2,10.796925255574086,46.116148316500166,1
1.0,2024-01-02 08:16:00,2024-01-02 08:38:00,6,19.404108648079006,51.84228742981953,3
2.0,2024-01-02 08:17:00,2024-01-02 08:59:00,5,14.617788702595984,30.23289847830941,1
1.0,2024-01-02 08:18:00,2024-01-02 08:41:00,3,4.634874562968001,71.91353086485236,1
1.0,2024-01-02 08:19:00,2024-01-02 08:59:00,2,2.5494022291659477,81.26273878889361,3
1.0,2024-01-02 08:20:00,2024-01-02 08:37:00,1,13.923825168832456,27.69594608841977,5
1.0,2024-01-02 08:21:00,2024-01-02 09:11:00,2,3.589822583524878,8.97305425971421,1
2.0,2024-01-02 08:22:00,2024-01-02 08:29:00,4,15.859698386547205,64.26944960048219,1
2.0,2024-01-02 08:23:00,2024-01-02 08:37:00,3,6.565215011576571,58.43865131785508,3
2.0,2024-01-02 08:24:00,2024-01-02 09:06:00,1,6.874418629584327,43.20245972774326,1
2.0,2024-01-02 08:25:00,2024-01-02 08:30:00,1,0.7105686515954834,66.16992446845497,4
1.0,2024-01-02 08:26:00,2024-01-02 09:25:00,1,14.169719708353291,57.30826330858864,4
1.0,2024-01-02 08:27:00,2024-01-02 08:58:00,1,2.7087601847613727,28.805249776448317,1
1.0,2024-01-02 08:28:00,2024-01-02 09:18:00,1,15.571171260538604,10.0,5
1.0,2024-01-02 08:29:00,2024-01-02 08:41:00,2,10.091422527385532,45.67078912598796,1
1.0,2024-01-02 08:30:00,2024-01-02 09:25:00,1,15.793456391614098,88.62355947517855,2
1.0,2024-01-02 08:31:00,2024-01-02 09:21:00,1,11.886567514355956,96.28589464225117,1
2.0,2024-01-02 08:32:00,2024-01-02 09:18:00,2,2.1074488043703195,89.83512942766723,3
2.0,2024-01-02 08:33:00,2024-01-02 08:54:00,1,15.43022056575107,73.32191228493807,2
2.0,2024-01-02 08:34:00,2024-01-02 08:47:00,1,1.86108995544762,60.57430969255307,2
2.0,2024-01-02 08:35:00,2024-01-02 08:45:00,2,9.834683551101978,70.47985536926572,4
2.0,2024-01-02 08:36:00,2024-01-02 09:23:00,1,3.860809675826784,94.21537596960546,1
1.0,2024-01-02 08:37:00,2024-01-02 09:06:00,2,15.170535970568755,28.74987984626401,1
2.0,2024-01-02 08:38:00,2024-01-02 09:21:00,1,18.27602894221947,55.83644822897347,3
2.0,2024-01-02 08:39:00,2024-01-02 09:32:00,4,11.305460185486348,70.51276180503875,2
1.0,2024-01-02 08:40:00,2024-01-02 09:12:00,5,10.77937223883402,69.5284651258061,4
1.0,2024-01-02 08:41:00,2024-01-02 09:18:00,3,15.397282328349547,28.96650115979946,4
2.0,2024-01-02 08:42:00,2024-01-02 09:40:00,2,0.5990368530266805,60.73949510202642,1
1.0,2024-01-02 08:43:00,2024-01-02 09:24:00,1,18.396293531385638,80.61174852991486,1
2.0,2024-01-02 08:44:00,2024-01-02 08:57:00,3,4.350251933277068,50.13250310477317,1
2.0,2024-01-02 08:45:00,2024-01-02 09:07:00,1,19.690318234611627,80.36331728637983,2
1.0,2024-01-02 08:46:00,2024-01-02 09:11:00,2,14.856951985229012,39.1888467866827,1
1.0,2024-01-02 08:47:00,2024-01-02 08:53:00,5,15.597897380163085,94.1822120805571,2
1.0,2024-01-02 08:48:00,2024-01-02 09:35:00,2,13.295958117285329,55.7232018474146,1
1.0,2024-01-02 08:49:00,2024-01-02 09:31:00,1,9.697432064310624,61.61505532529836,1
1.0,2024-01-02 08:50:00,2024-01-02 09:34:00,3,11.646740020542726,7.979349036435899,1
2.0,2024-01-02 08:51:00,2024-01-02 09:31:00,4,1.4048562772949502,21.175568027216453,1
1.0,2024-01-02 08:52:00,2024-01-02 09:46:00,1,12.66721043392428,65.12871864474926,2
2.0,2024-01-02 08:53:00,2024-01-02 09:40:00,2,12.70891298874741,44.88768531931577,1
1.0,2024-01-02 08:54:00,2024-01-02 09:35:00,1,17.878415549335283,53.2755600935266,1
2.0,2024-01-02 08:55:00,2024-01-02 09:14:00,3,10.360298969889278,10.982283829701542,1
1.0,2024-01-02 08:56:00,2024-01-02 09:28:00,1,2.004315294678189,84.24284764898651,2
1.0,2024-01-02 08:57:00,2024-01-02 09:19:00,2,6.470820449400584,79.52803221814064,3
2.0,2024-01-02 08:58:00,2024-01-02 09:36:00,4,13.28477353622919,22.608627693575706,1
2.0,2024-01-02 08:59:00,2024-01-02 09:25:00,2,5.165547823653546,65.26128893945105,2
1.0,2024-01-02 09:00:00,2024-01-02 09:15:00,3,5.970292526180318,82.7399451071558,1
2.0,2024-01-02 09:01:00,2024-01-02 09:18:00,2,16.49914581903664,65.88114295948199,1
1.0,2024-01-02 09:02:00,2024-01-02 09:10:00,1,11.894234769372826,34.487819053105255,2
1.0,2024-01-02 09:03:00,2024-01-02 09:29:00,3,10.416284919584664,67.33055929542587,1
1.0,2024-01-02 09:04:00,2024-01-02 09:15:00,1,6.7098133527131845,24.993866029905163,2
1.0,2024-01-02 09:05:00,2024-01-02 09:52:00,2,14.753096700694153,35.23422474154498,1
2.0,2024-01-02 09:06:00,2024-01-02 10:04:00,1,6.110509472555572,27.806617045181973,5
1.0,2024-01-02 09:07:00,2024-01-02 09:35:00,3,14.872738594061415,57.90788472706962,1
1.0,2024-01-02 09:08:00,2024-01-02 09:16:00,5,1.8669788652151191,15.281531442727118,1
2.0,2024-01-02 09:09:00,2024-01-02 09:41:00,6,17.35855616085063,93.66448613309215,4
2.0,2024-01-02 09:10:00,2024-01-02 09:29:00,2,10.24154603583069,36.68367359797234,1
1.0,2024-01-02 09:11:00,2024-01-02 09:16:00,1,9.050906325629915,25.802162075051125,1
2.0,2024-01-02 09:12:00,2024-01-02 10:11:00,2,12.414956525067527,52.172232292173966,1
1.0,2024-01-02 09:13:00,2024-01-02 09:20:00,4,12.671745421477274,31.314792753198024,1
2.0,2024-01-02 09:14:00,2024-01-02 09:32:00,1,3.074685949354913,55.81588820635121,1
2.0,2024-01-02 09:15:00,2024-01-02 09:57:00,6,15.24655500141616,38.10836922929812,1
2.0,2024-01-02 09:16:00,2024-01-02 10:10:00,2,5.880601810026227,17.54634702305888,2
1.0,2024-01-02 09:17:00,2024-01-02 09:22:00,6,18.14675666331332,30.26004799258989,1
1.0,2024-01-02 09:18:00,2024-01-02 10:00:00,4,16.448087936589232,46.6517852713449,2
1.0,2024-01-02 09:19:00,2024-01-02 10:01:00,4,7.252187809927595,7.877856515564434,1
